<?xml version='1.0'?>
<module>
<exporttime>2016-03-11 05:21:22</exporttime>
<name>FCorectingInvoice</name>
<label>FCorectingInvoice</label>
<type>inventory</type>
<dependencies>
<vtiger_version>2.3.1422</vtiger_version>
</dependencies>
<tables>
<table>
<name>u_yf_fcorectinginvoice</name>
<sql><![CDATA[CREATE TABLE `u_yf_fcorectinginvoice` (
  `fcorectinginvoiceid` int(19) NOT NULL,
  `subject` varchar(255) DEFAULT NULL,
  `number` varchar(32) DEFAULT NULL,
  `paymentdate` date DEFAULT NULL,
  `saledate` date DEFAULT NULL,
  `accountid` int(19) DEFAULT NULL,
  `fcorectinginvoice_formpayment` varchar(255) DEFAULT '',
  `sum_total` decimal(16,5) DEFAULT NULL,
  `sum_gross` decimal(16,5) DEFAULT NULL,
  `fcorectinginvoice_status` varchar(255) DEFAULT '',
  `finvoiceid` int(19) DEFAULT NULL,
  PRIMARY KEY (`fcorectinginvoiceid`),
  KEY `accountid` (`accountid`),
  KEY `finvoiceid` (`finvoiceid`),
  CONSTRAINT `fk_1_vtiger_fcorectinginvoice` FOREIGN KEY (`fcorectinginvoiceid`) REFERENCES `vtiger_crmentity` (`crmid`) ON DELETE CASCADE
) ENGINE=InnoDB DEFAULT CHARSET=utf8]]></sql>
</table>
<table>
<name>u_yf_fcorectinginvoicecf</name>
<sql><![CDATA[CREATE TABLE `u_yf_fcorectinginvoicecf` (
  `fcorectinginvoiceid` int(19) NOT NULL,
  PRIMARY KEY (`fcorectinginvoiceid`),
  CONSTRAINT `fk_1_u_yf_fcorectinginvoicecf` FOREIGN KEY (`fcorectinginvoiceid`) REFERENCES `u_yf_fcorectinginvoice` (`fcorectinginvoiceid`) ON DELETE CASCADE
) ENGINE=InnoDB DEFAULT CHARSET=utf8]]></sql>
</table>
<table>
<name>u_yf_fcorectinginvoice_address</name>
<sql><![CDATA[CREATE TABLE `u_yf_fcorectinginvoice_address` (
  `fcorectinginvoiceaddressid` int(19) NOT NULL,
  `addresslevel1a` varchar(255) DEFAULT NULL,
  `addresslevel2a` varchar(255) DEFAULT NULL,
  `addresslevel3a` varchar(255) DEFAULT NULL,
  `addresslevel4a` varchar(255) DEFAULT NULL,
  `addresslevel5a` varchar(255) DEFAULT NULL,
  `addresslevel6a` varchar(255) DEFAULT NULL,
  `addresslevel7a` varchar(255) DEFAULT NULL,
  `addresslevel8a` varchar(255) DEFAULT NULL,
  `buildingnumbera` varchar(50) DEFAULT NULL,
  `localnumbera` varchar(50) DEFAULT NULL,
  `poboxa` varchar(50) DEFAULT NULL,
  `addresslevel1c` varchar(255) DEFAULT NULL,
  `addresslevel2c` varchar(255) DEFAULT NULL,
  `addresslevel3c` varchar(255) DEFAULT NULL,
  `addresslevel4c` varchar(255) DEFAULT NULL,
  `addresslevel5c` varchar(255) DEFAULT NULL,
  `addresslevel6c` varchar(255) DEFAULT NULL,
  `addresslevel7c` varchar(255) DEFAULT NULL,
  `addresslevel8c` varchar(255) DEFAULT NULL,
  `buildingnumberc` varchar(255) DEFAULT NULL,
  `localnumberc` varchar(255) DEFAULT NULL,
  `poboxc` varchar(255) DEFAULT NULL,
  PRIMARY KEY (`fcorectinginvoiceaddressid`),
  CONSTRAINT `u_yf_fcorectinginvoice_address_ibfk_1` FOREIGN KEY (`fcorectinginvoiceaddressid`) REFERENCES `u_yf_fcorectinginvoice` (`fcorectinginvoiceid`) ON DELETE CASCADE
) ENGINE=InnoDB DEFAULT CHARSET=utf8]]></sql>
</table>
<table>
<name>u_yf_fcorectinginvoice_inventory</name>
<sql><![CDATA[CREATE TABLE `u_yf_fcorectinginvoice_inventory` (
  `id` int(19) DEFAULT NULL,
  `seq` int(10) DEFAULT NULL,
  `name` int(19) NOT NULL DEFAULT '0',
  `qty` decimal(25,3) NOT NULL DEFAULT '0.000',
  `discount` decimal(27,8) DEFAULT '0.00000000',
  `discountparam` varchar(255) NOT NULL,
  `comment1` varchar(500) DEFAULT NULL,
  `currency` int(10) DEFAULT NULL,
  `currencyparam` varchar(200) DEFAULT NULL,
  `discountmode` tinyint(1) NOT NULL DEFAULT '0',
  `taxmode` tinyint(1) NOT NULL DEFAULT '0',
  `price` decimal(27,8) NOT NULL DEFAULT '0.00000000',
  `gross` decimal(27,8) NOT NULL DEFAULT '0.00000000',
  `net` decimal(27,8) NOT NULL DEFAULT '0.00000000',
  `tax` decimal(27,8) NOT NULL DEFAULT '0.00000000',
  `taxparam` varchar(255) NOT NULL,
  `total` decimal(27,8) NOT NULL DEFAULT '0.00000000',
	`qtyparam` tinyint(1) NOT NULL DEFAULT '0',
  KEY `id` (`id`),
  CONSTRAINT `fk_1_u_yf_fcorectinginvoice_inventory` FOREIGN KEY (`id`) REFERENCES `u_yf_fcorectinginvoice` (`fcorectinginvoiceid`) ON DELETE CASCADE
) ENGINE=InnoDB DEFAULT CHARSET=utf8]]></sql>
</table>
<table>
<name>u_yf_fcorectinginvoice_invfield</name>
<sql><![CDATA[CREATE TABLE `u_yf_fcorectinginvoice_invfield` (
  `id` int(19) NOT NULL AUTO_INCREMENT,
  `columnname` varchar(30) NOT NULL,
  `label` varchar(50) NOT NULL,
  `invtype` varchar(30) NOT NULL,
  `presence` tinyint(1) unsigned NOT NULL DEFAULT '0',
  `defaultvalue` varchar(255) DEFAULT NULL,
  `sequence` int(10) unsigned NOT NULL,
  `block` tinyint(1) unsigned NOT NULL,
  `displaytype` tinyint(1) unsigned NOT NULL DEFAULT '1',
  `params` text,
  `colspan` tinyint(1) unsigned NOT NULL DEFAULT '1',
  PRIMARY KEY (`id`)
) ENGINE=InnoDB DEFAULT CHARSET=utf8]]></sql>
</table>
<table>
<name>u_yf_fcorectinginvoice_invmap</name>
<sql><![CDATA[CREATE TABLE `u_yf_fcorectinginvoice_invmap` (
 `module` varchar(50) NOT NULL,
  `field` varchar(50) NOT NULL,
  `tofield` varchar(50) NOT NULL,
  PRIMARY KEY (`module`,`field`,`tofield`)
) ENGINE=InnoDB DEFAULT CHARSET=utf8]]></sql>
</table>
</tables>
<blocks>
<block>
<label>LBL_BASIC_DETAILS</label>
<sequence>1</sequence>
<show_title>0</show_title>
<visible>0</visible>
<create_view>0</create_view>
<edit_view>0</edit_view>
<detail_view>0</detail_view>
<display_status>1</display_status>
<iscustom>0</iscustom>
<islist></islist>
<fields>
<field>
<fieldname>subject</fieldname>
<uitype>2</uitype>
<columnname>subject</columnname>
<columntype>varchar(255)</columntype>
<tablename>u_yf_fcorectinginvoice</tablename>
<generatedtype>1</generatedtype>
<fieldlabel>FL_SUBJECT</fieldlabel>
<readonly>1</readonly>
<presence>2</presence>
<defaultvalue></defaultvalue>
<sequence>1</sequence>
<maximumlength>100</maximumlength>
<typeofdata>V~M</typeofdata>
<quickcreate>1</quickcreate>
<quickcreatesequence></quickcreatesequence>
<displaytype>1</displaytype>
<info_type>BAS</info_type>
<fieldparams></fieldparams>
<helpinfo></helpinfo>
<masseditable>1</masseditable>
<summaryfield>1</summaryfield>
<entityidentifier>
<entityidfield>fcorectinginvoiceid</entityidfield>
<entityidcolumn>fcorectinginvoiceid</entityidcolumn>
</entityidentifier>
</field>
<field>
<fieldname>paymentdate</fieldname>
<uitype>5</uitype>
<columnname>paymentdate</columnname>
<columntype>date</columntype>
<tablename>u_yf_fcorectinginvoice</tablename>
<generatedtype>1</generatedtype>
<fieldlabel>FL_PAYMENT_DATE</fieldlabel>
<readonly>1</readonly>
<presence>2</presence>
<defaultvalue></defaultvalue>
<sequence>6</sequence>
<maximumlength>100</maximumlength>
<typeofdata>D~O</typeofdata>
<quickcreate>1</quickcreate>
<quickcreatesequence></quickcreatesequence>
<displaytype>1</displaytype>
<info_type>BAS</info_type>
<fieldparams></fieldparams>
<helpinfo></helpinfo>
<masseditable>1</masseditable>
<summaryfield>0</summaryfield>
</field>
<field>
<fieldname>saledate</fieldname>
<uitype>5</uitype>
<columnname>saledate</columnname>
<columntype>date</columntype>
<tablename>u_yf_fcorectinginvoice</tablename>
<generatedtype>1</generatedtype>
<fieldlabel>FL_SALE_DATE</fieldlabel>
<readonly>1</readonly>
<presence>2</presence>
<defaultvalue></defaultvalue>
<sequence>7</sequence>
<maximumlength>100</maximumlength>
<typeofdata>D~O</typeofdata>
<quickcreate>1</quickcreate>
<quickcreatesequence></quickcreatesequence>
<displaytype>1</displaytype>
<info_type>BAS</info_type>
<fieldparams></fieldparams>
<helpinfo></helpinfo>
<masseditable>1</masseditable>
<summaryfield>0</summaryfield>
</field>
<field>
<fieldname>accountid</fieldname>
<uitype>10</uitype>
<columnname>accountid</columnname>
<columntype>int(19)</columntype>
<tablename>u_yf_fcorectinginvoice</tablename>
<generatedtype>1</generatedtype>
<fieldlabel>FL_ACCOUNT</fieldlabel>
<readonly>1</readonly>
<presence>2</presence>
<defaultvalue></defaultvalue>
<sequence>9</sequence>
<maximumlength>100</maximumlength>
<typeofdata>V~O</typeofdata>
<quickcreate>1</quickcreate>
<quickcreatesequence></quickcreatesequence>
<displaytype>1</displaytype>
<info_type>BAS</info_type>
<fieldparams></fieldparams>
<helpinfo></helpinfo>
<masseditable>1</masseditable>
<summaryfield>0</summaryfield>
<relatedmodules>
<relatedmodule>Accounts</relatedmodule>
</relatedmodules>
</field>
<field>
<fieldname>fcorectinginvoice_formpayment</fieldname>
<uitype>15</uitype>
<columnname>fcorectinginvoice_formpayment</columnname>
<columntype>varchar(255)</columntype>
<tablename>u_yf_fcorectinginvoice</tablename>
<generatedtype>1</generatedtype>
<fieldlabel>FL_FORM_PAYMENT</fieldlabel>
<readonly>1</readonly>
<presence>2</presence>
<defaultvalue></defaultvalue>
<sequence>10</sequence>
<maximumlength>100</maximumlength>
<typeofdata>V~O</typeofdata>
<quickcreate>1</quickcreate>
<quickcreatesequence></quickcreatesequence>
<displaytype>1</displaytype>
<info_type>BAS</info_type>
<fieldparams></fieldparams>
<helpinfo></helpinfo>
<masseditable>1</masseditable>
<summaryfield>0</summaryfield>
<picklistvalues>
<picklistvalue>PLL_TRANSFER</picklistvalue>
<picklistvalue>PLL_CASH</picklistvalue>
</picklistvalues>
</field>
<field>
<fieldname>fcorectinginvoice_status</fieldname>
<uitype>15</uitype>
<columnname>fcorectinginvoice_status</columnname>
<columntype>varchar(255)</columntype>
<tablename>u_yf_fcorectinginvoice</tablename>
<generatedtype>1</generatedtype>
<fieldlabel>FL_STATUS</fieldlabel>
<readonly>1</readonly>
<presence>2</presence>
<defaultvalue></defaultvalue>
<sequence>12</sequence>
<maximumlength>100</maximumlength>
<typeofdata>V~O</typeofdata>
<quickcreate>1</quickcreate>
<quickcreatesequence></quickcreatesequence>
<displaytype>1</displaytype>
<info_type>BAS</info_type>
<fieldparams></fieldparams>
<helpinfo></helpinfo>
<masseditable>1</masseditable>
<summaryfield>0</summaryfield>
<picklistvalues>
<picklistvalue>None</picklistvalue>
</picklistvalues>
</field>
<field>
<fieldname>finvoiceid</fieldname>
<uitype>10</uitype>
<columnname>finvoiceid</columnname>
<columntype>int(19)</columntype>
<tablename>u_yf_fcorectinginvoice</tablename>
<generatedtype>1</generatedtype>
<fieldlabel>FL_INVOICE</fieldlabel>
<readonly>1</readonly>
<presence>2</presence>
<defaultvalue></defaultvalue>
<sequence>13</sequence>
<maximumlength>100</maximumlength>
<typeofdata>M~M</typeofdata>
<quickcreate>2</quickcreate>
<quickcreatesequence></quickcreatesequence>
<displaytype>1</displaytype>
<info_type>BAS</info_type>
<fieldparams></fieldparams>
<helpinfo></helpinfo>
<masseditable>1</masseditable>
<summaryfield>0</summaryfield>
<relatedmodules>
<relatedmodule>FInvoice</relatedmodule>
</relatedmodules>
</field>
</fields>
</block>
<block>
<label>LBL_CUSTOM_INFORMATION</label>
<sequence>2</sequence>
<show_title>0</show_title>
<visible>0</visible>
<create_view>0</create_view>
<edit_view>0</edit_view>
<detail_view>0</detail_view>
<display_status>1</display_status>
<iscustom>0</iscustom>
<islist></islist>
<fields>
<field>
<fieldname>number</fieldname>
<uitype>4</uitype>
<columnname>number</columnname>
<columntype>varchar(32)</columntype>
<tablename>u_yf_fcorectinginvoice</tablename>
<generatedtype>1</generatedtype>
<fieldlabel>FL_NUMBER</fieldlabel>
<readonly>1</readonly>
<presence>2</presence>
<defaultvalue></defaultvalue>
<sequence>1</sequence>
<maximumlength>100</maximumlength>
<typeofdata>V~O</typeofdata>
<quickcreate>1</quickcreate>
<quickcreatesequence></quickcreatesequence>
<displaytype>1</displaytype>
<info_type>BAS</info_type>
<fieldparams></fieldparams>
<helpinfo></helpinfo>
<masseditable>1</masseditable>
<summaryfield>0</summaryfield>
</field>
<field>
<fieldname>assigned_user_id</fieldname>
<uitype>53</uitype>
<columnname>smownerid</columnname>
<columntype>int(19)</columntype>
<tablename>vtiger_crmentity</tablename>
<generatedtype>1</generatedtype>
<fieldlabel>Assigned To</fieldlabel>
<readonly>1</readonly>
<presence>2</presence>
<defaultvalue></defaultvalue>
<sequence>2</sequence>
<maximumlength>100</maximumlength>
<typeofdata>V~M</typeofdata>
<quickcreate>1</quickcreate>
<quickcreatesequence></quickcreatesequence>
<displaytype>1</displaytype>
<info_type>BAS</info_type>
<fieldparams></fieldparams>
<helpinfo></helpinfo>
<masseditable>1</masseditable>
<summaryfield>0</summaryfield>
</field>
<field>
<fieldname>createdtime</fieldname>
<uitype>70</uitype>
<columnname>createdtime</columnname>
<columntype>datetime</columntype>
<tablename>vtiger_crmentity</tablename>
<generatedtype>1</generatedtype>
<fieldlabel>Created Time</fieldlabel>
<readonly>1</readonly>
<presence>2</presence>
<defaultvalue></defaultvalue>
<sequence>3</sequence>
<maximumlength>100</maximumlength>
<typeofdata>DT~O</typeofdata>
<quickcreate>1</quickcreate>
<quickcreatesequence></quickcreatesequence>
<displaytype>2</displaytype>
<info_type>BAS</info_type>
<fieldparams></fieldparams>
<helpinfo></helpinfo>
<masseditable>1</masseditable>
<summaryfield>0</summaryfield>
</field>
<field>
<fieldname>modifiedtime</fieldname>
<uitype>70</uitype>
<columnname>modifiedtime</columnname>
<columntype>datetime</columntype>
<tablename>vtiger_crmentity</tablename>
<generatedtype>1</generatedtype>
<fieldlabel>Modified Time</fieldlabel>
<readonly>1</readonly>
<presence>2</presence>
<defaultvalue></defaultvalue>
<sequence>4</sequence>
<maximumlength>100</maximumlength>
<typeofdata>DT~O</typeofdata>
<quickcreate>1</quickcreate>
<quickcreatesequence></quickcreatesequence>
<displaytype>2</displaytype>
<info_type>BAS</info_type>
<fieldparams></fieldparams>
<helpinfo></helpinfo>
<masseditable>1</masseditable>
<summaryfield>0</summaryfield>
</field>
<field>
<fieldname>sum_total</fieldname>
<uitype>7</uitype>
<columnname>sum_total</columnname>
<columntype>decimal(16,5)</columntype>
<tablename>u_yf_fcorectinginvoice</tablename>
<generatedtype>1</generatedtype>
<fieldlabel>FL_TOTAL</fieldlabel>
<readonly>1</readonly>
<presence>2</presence>
<defaultvalue></defaultvalue>
<sequence>5</sequence>
<maximumlength>100</maximumlength>
<typeofdata>NN~O</typeofdata>
<quickcreate>1</quickcreate>
<quickcreatesequence></quickcreatesequence>
<displaytype>2</displaytype>
<info_type>BAS</info_type>
<fieldparams></fieldparams>
<helpinfo></helpinfo>
<masseditable>1</masseditable>
<summaryfield>0</summaryfield>
</field>
<field>
<fieldname>sum_gross</fieldname>
<uitype>7</uitype>
<columnname>sum_gross</columnname>
<columntype>decimal(16,5)</columntype>
<tablename>u_yf_fcorectinginvoice</tablename>
<generatedtype>1</generatedtype>
<fieldlabel>FL_GROSS</fieldlabel>
<readonly>1</readonly>
<presence>2</presence>
<defaultvalue></defaultvalue>
<sequence>6</sequence>
<maximumlength>100</maximumlength>
<typeofdata>NN~O</typeofdata>
<quickcreate>1</quickcreate>
<quickcreatesequence></quickcreatesequence>
<displaytype>2</displaytype>
<info_type>BAS</info_type>
<fieldparams></fieldparams>
<helpinfo></helpinfo>
<masseditable>1</masseditable>
<summaryfield>0</summaryfield>
</field>
</fields>
</block>
<block>
<label>LBL_ADDRESS_INFORMATION</label>
<sequence>3</sequence>
<show_title>0</show_title>
<visible>0</visible>
<create_view>0</create_view>
<edit_view>0</edit_view>
<detail_view>0</detail_view>
<display_status>1</display_status>
<iscustom>1</iscustom>
<islist></islist>
<fields>
<field>
<fieldname>poboxa</fieldname>
<uitype>1</uitype>
<columnname>poboxa</columnname>
<columntype>varchar(50)</columntype>
<tablename>u_yf_fcorectinginvoice_address</tablename>
<generatedtype>1</generatedtype>
<fieldlabel>Po Box</fieldlabel>
<readonly>1</readonly>
<presence>2</presence>
<defaultvalue></defaultvalue>
<sequence>4</sequence>
<maximumlength>100</maximumlength>
<typeofdata>V~O</typeofdata>
<quickcreate>1</quickcreate>
<quickcreatesequence></quickcreatesequence>
<displaytype>1</displaytype>
<info_type>BAS</info_type>
<fieldparams></fieldparams>
<helpinfo></helpinfo>
<masseditable>1</masseditable>
<summaryfield>0</summaryfield>
</field>
<field>
<fieldname>localnumbera</fieldname>
<uitype>306</uitype>
<columnname>localnumbera</columnname>
<columntype>varchar(50)</columntype>
<tablename>u_yf_fcorectinginvoice_address</tablename>
<generatedtype>1</generatedtype>
<fieldlabel>Local number</fieldlabel>
<readonly>1</readonly>
<presence>2</presence>
<defaultvalue></defaultvalue>
<sequence>2</sequence>
<maximumlength>100</maximumlength>
<typeofdata>V~O</typeofdata>
<quickcreate>1</quickcreate>
<quickcreatesequence></quickcreatesequence>
<displaytype>2</displaytype>
<info_type>BAS</info_type>
<fieldparams></fieldparams>
<helpinfo></helpinfo>
<masseditable>1</masseditable>
<summaryfield>0</summaryfield>
</field>
<field>
<fieldname>buildingnumbera</fieldname>
<uitype>306</uitype>
<columnname>buildingnumbera</columnname>
<columntype>varchar(50)</columntype>
<tablename>u_yf_fcorectinginvoice_address</tablename>
<generatedtype>1</generatedtype>
<fieldlabel>Building number</fieldlabel>
<readonly>1</readonly>
<presence>2</presence>
<defaultvalue></defaultvalue>
<sequence>3</sequence>
<maximumlength>100</maximumlength>
<typeofdata>V~O</typeofdata>
<quickcreate>1</quickcreate>
<quickcreatesequence></quickcreatesequence>
<displaytype>2</displaytype>
<info_type>BAS</info_type>
<fieldparams></fieldparams>
<helpinfo></helpinfo>
<masseditable>1</masseditable>
<summaryfield>0</summaryfield>
</field>
<field>
<fieldname>addresslevel8a</fieldname>
<uitype>306</uitype>
<columnname>addresslevel8a</columnname>
<columntype>varchar(255)</columntype>
<tablename>u_yf_fcorectinginvoice_address</tablename>
<generatedtype>1</generatedtype>
<fieldlabel>AddressLevel8</fieldlabel>
<readonly>1</readonly>
<presence>2</presence>
<defaultvalue></defaultvalue>
<sequence>1</sequence>
<maximumlength>100</maximumlength>
<typeofdata>V~O</typeofdata>
<quickcreate>1</quickcreate>
<quickcreatesequence></quickcreatesequence>
<displaytype>1</displaytype>
<info_type>BAS</info_type>
<fieldparams></fieldparams>
<helpinfo></helpinfo>
<masseditable>1</masseditable>
<summaryfield>0</summaryfield>
</field>
<field>
<fieldname>addresslevel7a</fieldname>
<uitype>1</uitype>
<columnname>addresslevel7a</columnname>
<columntype>varchar(255)</columntype>
<tablename>u_yf_fcorectinginvoice_address</tablename>
<generatedtype>1</generatedtype>
<fieldlabel>AddressLevel7</fieldlabel>
<readonly>1</readonly>
<presence>2</presence>
<defaultvalue></defaultvalue>
<sequence>5</sequence>
<maximumlength>100</maximumlength>
<typeofdata>V~O</typeofdata>
<quickcreate>1</quickcreate>
<quickcreatesequence></quickcreatesequence>
<displaytype>1</displaytype>
<info_type>BAS</info_type>
<fieldparams></fieldparams>
<helpinfo></helpinfo>
<masseditable>1</masseditable>
<summaryfield>0</summaryfield>
</field>
<field>
<fieldname>addresslevel6a</fieldname>
<uitype>1</uitype>
<columnname>addresslevel6a</columnname>
<columntype>varchar(255)</columntype>
<tablename>u_yf_fcorectinginvoice_address</tablename>
<generatedtype>1</generatedtype>
<fieldlabel>AddressLevel6</fieldlabel>
<readonly>1</readonly>
<presence>2</presence>
<defaultvalue></defaultvalue>
<sequence>6</sequence>
<maximumlength>100</maximumlength>
<typeofdata>V~O</typeofdata>
<quickcreate>1</quickcreate>
<quickcreatesequence></quickcreatesequence>
<displaytype>1</displaytype>
<info_type>BAS</info_type>
<fieldparams></fieldparams>
<helpinfo></helpinfo>
<masseditable>1</masseditable>
<summaryfield>0</summaryfield>
</field>
<field>
<fieldname>addresslevel5a</fieldname>
<uitype>1</uitype>
<columnname>addresslevel5a</columnname>
<columntype>varchar(255)</columntype>
<tablename>u_yf_fcorectinginvoice_address</tablename>
<generatedtype>1</generatedtype>
<fieldlabel>AddressLevel5</fieldlabel>
<readonly>1</readonly>
<presence>2</presence>
<defaultvalue></defaultvalue>
<sequence>7</sequence>
<maximumlength>100</maximumlength>
<typeofdata>V~O</typeofdata>
<quickcreate>1</quickcreate>
<quickcreatesequence></quickcreatesequence>
<displaytype>1</displaytype>
<info_type>BAS</info_type>
<fieldparams></fieldparams>
<helpinfo></helpinfo>
<masseditable>1</masseditable>
<summaryfield>0</summaryfield>
</field>
<field>
<fieldname>addresslevel4a</fieldname>
<uitype>1</uitype>
<columnname>addresslevel4a</columnname>
<columntype>varchar(255)</columntype>
<tablename>u_yf_fcorectinginvoice_address</tablename>
<generatedtype>1</generatedtype>
<fieldlabel>AddressLevel4</fieldlabel>
<readonly>1</readonly>
<presence>2</presence>
<defaultvalue></defaultvalue>
<sequence>8</sequence>
<maximumlength>100</maximumlength>
<typeofdata>V~O</typeofdata>
<quickcreate>1</quickcreate>
<quickcreatesequence></quickcreatesequence>
<displaytype>1</displaytype>
<info_type>BAS</info_type>
<fieldparams></fieldparams>
<helpinfo></helpinfo>
<masseditable>1</masseditable>
<summaryfield>0</summaryfield>
</field>
<field>
<fieldname>addresslevel3a</fieldname>
<uitype>1</uitype>
<columnname>addresslevel3a</columnname>
<columntype>varchar(255)</columntype>
<tablename>u_yf_fcorectinginvoice_address</tablename>
<generatedtype>1</generatedtype>
<fieldlabel>AddressLevel3</fieldlabel>
<readonly>1</readonly>
<presence>2</presence>
<defaultvalue></defaultvalue>
<sequence>9</sequence>
<maximumlength>100</maximumlength>
<typeofdata>V~O</typeofdata>
<quickcreate>1</quickcreate>
<quickcreatesequence></quickcreatesequence>
<displaytype>1</displaytype>
<info_type>BAS</info_type>
<fieldparams></fieldparams>
<helpinfo></helpinfo>
<masseditable>1</masseditable>
<summaryfield>0</summaryfield>
</field>
<field>
<fieldname>addresslevel2a</fieldname>
<uitype>1</uitype>
<columnname>addresslevel2a</columnname>
<columntype>varchar(255)</columntype>
<tablename>u_yf_fcorectinginvoice_address</tablename>
<generatedtype>1</generatedtype>
<fieldlabel>AddressLevel2</fieldlabel>
<readonly>1</readonly>
<presence>2</presence>
<defaultvalue></defaultvalue>
<sequence>10</sequence>
<maximumlength>100</maximumlength>
<typeofdata>V~O</typeofdata>
<quickcreate>1</quickcreate>
<quickcreatesequence></quickcreatesequence>
<displaytype>1</displaytype>
<info_type>BAS</info_type>
<fieldparams></fieldparams>
<helpinfo></helpinfo>
<masseditable>1</masseditable>
<summaryfield>0</summaryfield>
</field>
<field>
<fieldname>addresslevel1a</fieldname>
<uitype>1</uitype>
<columnname>addresslevel1a</columnname>
<columntype>varchar(255)</columntype>
<tablename>u_yf_fcorectinginvoice_address</tablename>
<generatedtype>1</generatedtype>
<fieldlabel>AddressLevel1</fieldlabel>
<readonly>1</readonly>
<presence>2</presence>
<defaultvalue></defaultvalue>
<sequence>11</sequence>
<maximumlength>100</maximumlength>
<typeofdata>V~O</typeofdata>
<quickcreate>1</quickcreate>
<quickcreatesequence></quickcreatesequence>
<displaytype>1</displaytype>
<info_type>BAS</info_type>
<fieldparams></fieldparams>
<helpinfo></helpinfo>
<masseditable>1</masseditable>
<summaryfield>0</summaryfield>
</field>
</fields>
</block>
<block>
<label>LBL_ADDRESS_DELIVERY_INFORMATION</label>
<sequence>4</sequence>
<show_title>0</show_title>
<visible>0</visible>
<create_view>0</create_view>
<edit_view>0</edit_view>
<detail_view>0</detail_view>
<display_status>1</display_status>
<iscustom>1</iscustom>
<islist></islist>
<fields>
<field>
<fieldname>addresslevel1c</fieldname>
<uitype>1</uitype>
<columnname>addresslevel1c</columnname>
<columntype>varchar(255)</columntype>
<tablename>u_yf_fcorectinginvoice_address</tablename>
<generatedtype>1</generatedtype>
<fieldlabel>AddressLevel1</fieldlabel>
<readonly>1</readonly>
<presence>2</presence>
<defaultvalue></defaultvalue>
<sequence>11</sequence>
<maximumlength>100</maximumlength>
<typeofdata>V~O</typeofdata>
<quickcreate>1</quickcreate>
<quickcreatesequence></quickcreatesequence>
<displaytype>1</displaytype>
<info_type>BAS</info_type>
<fieldparams></fieldparams>
<helpinfo></helpinfo>
<masseditable>1</masseditable>
<summaryfield>0</summaryfield>
</field>
<field>
<fieldname>addresslevel2c</fieldname>
<uitype>1</uitype>
<columnname>addresslevel2c</columnname>
<columntype>varchar(255)</columntype>
<tablename>u_yf_fcorectinginvoice_address</tablename>
<generatedtype>1</generatedtype>
<fieldlabel>AddressLevel2</fieldlabel>
<readonly>1</readonly>
<presence>2</presence>
<defaultvalue></defaultvalue>
<sequence>10</sequence>
<maximumlength>100</maximumlength>
<typeofdata>V~O</typeofdata>
<quickcreate>1</quickcreate>
<quickcreatesequence></quickcreatesequence>
<displaytype>1</displaytype>
<info_type>BAS</info_type>
<fieldparams></fieldparams>
<helpinfo></helpinfo>
<masseditable>1</masseditable>
<summaryfield>0</summaryfield>
</field>
<field>
<fieldname>addresslevel3c</fieldname>
<uitype>1</uitype>
<columnname>addresslevel3c</columnname>
<columntype>varchar(255)</columntype>
<tablename>u_yf_fcorectinginvoice_address</tablename>
<generatedtype>1</generatedtype>
<fieldlabel>AddressLevel3</fieldlabel>
<readonly>1</readonly>
<presence>2</presence>
<defaultvalue></defaultvalue>
<sequence>9</sequence>
<maximumlength>100</maximumlength>
<typeofdata>V~O</typeofdata>
<quickcreate>1</quickcreate>
<quickcreatesequence></quickcreatesequence>
<displaytype>1</displaytype>
<info_type>BAS</info_type>
<fieldparams></fieldparams>
<helpinfo></helpinfo>
<masseditable>1</masseditable>
<summaryfield>0</summaryfield>
</field>
<field>
<fieldname>addresslevel4c</fieldname>
<uitype>1</uitype>
<columnname>addresslevel4c</columnname>
<columntype>varchar(255)</columntype>
<tablename>u_yf_fcorectinginvoice_address</tablename>
<generatedtype>1</generatedtype>
<fieldlabel>AddressLevel4</fieldlabel>
<readonly>1</readonly>
<presence>2</presence>
<defaultvalue></defaultvalue>
<sequence>8</sequence>
<maximumlength>100</maximumlength>
<typeofdata>V~O</typeofdata>
<quickcreate>1</quickcreate>
<quickcreatesequence></quickcreatesequence>
<displaytype>1</displaytype>
<info_type>BAS</info_type>
<fieldparams></fieldparams>
<helpinfo></helpinfo>
<masseditable>1</masseditable>
<summaryfield>0</summaryfield>
</field>
<field>
<fieldname>addresslevel5c</fieldname>
<uitype>1</uitype>
<columnname>addresslevel5c</columnname>
<columntype>varchar(255)</columntype>
<tablename>u_yf_fcorectinginvoice_address</tablename>
<generatedtype>1</generatedtype>
<fieldlabel>AddressLevel5</fieldlabel>
<readonly>1</readonly>
<presence>2</presence>
<defaultvalue></defaultvalue>
<sequence>7</sequence>
<maximumlength>100</maximumlength>
<typeofdata>V~O</typeofdata>
<quickcreate>1</quickcreate>
<quickcreatesequence></quickcreatesequence>
<displaytype>1</displaytype>
<info_type>BAS</info_type>
<fieldparams></fieldparams>
<helpinfo></helpinfo>
<masseditable>1</masseditable>
<summaryfield>0</summaryfield>
</field>
<field>
<fieldname>addresslevel6c</fieldname>
<uitype>1</uitype>
<columnname>addresslevel6c</columnname>
<columntype>varchar(255)</columntype>
<tablename>u_yf_fcorectinginvoice_address</tablename>
<generatedtype>1</generatedtype>
<fieldlabel>AddressLevel6</fieldlabel>
<readonly>1</readonly>
<presence>2</presence>
<defaultvalue></defaultvalue>
<sequence>6</sequence>
<maximumlength>100</maximumlength>
<typeofdata>V~O</typeofdata>
<quickcreate>1</quickcreate>
<quickcreatesequence></quickcreatesequence>
<displaytype>1</displaytype>
<info_type>BAS</info_type>
<fieldparams></fieldparams>
<helpinfo></helpinfo>
<masseditable>1</masseditable>
<summaryfield>0</summaryfield>
</field>
<field>
<fieldname>addresslevel7c</fieldname>
<uitype>1</uitype>
<columnname>addresslevel7c</columnname>
<columntype>varchar(255)</columntype>
<tablename>u_yf_fcorectinginvoice_address</tablename>
<generatedtype>1</generatedtype>
<fieldlabel>AddressLevel7</fieldlabel>
<readonly>1</readonly>
<presence>2</presence>
<defaultvalue></defaultvalue>
<sequence>5</sequence>
<maximumlength>100</maximumlength>
<typeofdata>V~O</typeofdata>
<quickcreate>1</quickcreate>
<quickcreatesequence></quickcreatesequence>
<displaytype>1</displaytype>
<info_type>BAS</info_type>
<fieldparams></fieldparams>
<helpinfo></helpinfo>
<masseditable>1</masseditable>
<summaryfield>0</summaryfield>
</field>
<field>
<fieldname>addresslevel8c</fieldname>
<uitype>306</uitype>
<columnname>addresslevel8c</columnname>
<columntype>varchar(255)</columntype>
<tablename>u_yf_fcorectinginvoice_address</tablename>
<generatedtype>1</generatedtype>
<fieldlabel>AddressLevel8</fieldlabel>
<readonly>1</readonly>
<presence>2</presence>
<defaultvalue></defaultvalue>
<sequence>1</sequence>
<maximumlength>100</maximumlength>
<typeofdata>V~O</typeofdata>
<quickcreate>1</quickcreate>
<quickcreatesequence></quickcreatesequence>
<displaytype>1</displaytype>
<info_type>BAS</info_type>
<fieldparams></fieldparams>
<helpinfo></helpinfo>
<masseditable>1</masseditable>
<summaryfield>0</summaryfield>
</field>
<field>
<fieldname>buildingnumberc</fieldname>
<uitype>306</uitype>
<columnname>buildingnumberc</columnname>
<columntype>varchar(255)</columntype>
<tablename>u_yf_fcorectinginvoice_address</tablename>
<generatedtype>1</generatedtype>
<fieldlabel>Building number</fieldlabel>
<readonly>1</readonly>
<presence>2</presence>
<defaultvalue></defaultvalue>
<sequence>3</sequence>
<maximumlength>100</maximumlength>
<typeofdata>V~O</typeofdata>
<quickcreate>1</quickcreate>
<quickcreatesequence></quickcreatesequence>
<displaytype>2</displaytype>
<info_type>BAS</info_type>
<fieldparams></fieldparams>
<helpinfo></helpinfo>
<masseditable>1</masseditable>
<summaryfield>0</summaryfield>
</field>
<field>
<fieldname>localnumberc</fieldname>
<uitype>306</uitype>
<columnname>localnumberc</columnname>
<columntype>varchar(255)</columntype>
<tablename>u_yf_fcorectinginvoice_address</tablename>
<generatedtype>1</generatedtype>
<fieldlabel>Local number</fieldlabel>
<readonly>1</readonly>
<presence>2</presence>
<defaultvalue></defaultvalue>
<sequence>2</sequence>
<maximumlength>100</maximumlength>
<typeofdata>V~O</typeofdata>
<quickcreate>1</quickcreate>
<quickcreatesequence></quickcreatesequence>
<displaytype>2</displaytype>
<info_type>BAS</info_type>
<fieldparams></fieldparams>
<helpinfo></helpinfo>
<masseditable>1</masseditable>
<summaryfield>0</summaryfield>
</field>
<field>
<fieldname>poboxc</fieldname>
<uitype>1</uitype>
<columnname>poboxc</columnname>
<columntype>varchar(255)</columntype>
<tablename>u_yf_fcorectinginvoice_address</tablename>
<generatedtype>1</generatedtype>
<fieldlabel>Po Box</fieldlabel>
<readonly>1</readonly>
<presence>2</presence>
<defaultvalue></defaultvalue>
<sequence>4</sequence>
<maximumlength>100</maximumlength>
<typeofdata>V~O</typeofdata>
<quickcreate>1</quickcreate>
<quickcreatesequence></quickcreatesequence>
<displaytype>2</displaytype>
<info_type>BAS</info_type>
<fieldparams></fieldparams>
<helpinfo></helpinfo>
<masseditable>1</masseditable>
<summaryfield>0</summaryfield>
</field>
</fields>
</block>
</blocks>
<customviews>
<customview>
<viewname>All</viewname>
<setdefault>true</setdefault>
<setmetrics>false</setmetrics>
<fields>
<field>
<fieldname>subject</fieldname>
<columnindex>0</columnindex>
</field>
<field>
<fieldname>number</fieldname>
<columnindex>1</columnindex>
</field>
<field>
<fieldname>accountid</fieldname>
<columnindex>2</columnindex>
</field>
<field>
<fieldname>assigned_user_id</fieldname>
<columnindex>3</columnindex>
</field>
<field>
<fieldname>saledate</fieldname>
<columnindex>4</columnindex>
</field>
</fields>
</customview>
</customviews>
<sharingaccess>
<default>public_readwritedelete</default>
</sharingaccess>
<actions>
<action>
<name><![CDATA[Import]]></name>
<status>enabled</status>
</action>
<action>
<name><![CDATA[Export]]></name>
<status>enabled</status>
</action>
<action>
<name><![CDATA[Merge]]></name>
<status>enabled</status>
</action>
</actions>
<inrelatedlists>
<inrelatedlist>
<inrelatedmodule>Accounts</inrelatedmodule>
<function>get_dependents_list</function>
<label>FCorectingInvoice</label>
<sequence>28</sequence>
<presence>0</presence>
<actions>
<action>ADD</action>
</actions>
</inrelatedlist>
<inrelatedlist>
<inrelatedmodule>FInvoice</inrelatedmodule>
<function>get_dependents_list</function>
<label>FCorectingInvoice</label>
<sequence>1</sequence>
<presence>0</presence>
<actions>
<action>ADD</action>
</actions>
</inrelatedlist>
</inrelatedlists>
<customlinks>
<customlink>
<linktype>DETAILVIEWWIDGET</linktype>
<linklabel>DetailViewBlockCommentWidget</linklabel>
<linkurl><![CDATA[block://ModComments:modules/ModComments/ModComments.php]]></linkurl>
<linkicon><![CDATA[]]></linkicon>
<sequence>0</sequence>
<handler_path><![CDATA[]]></handler_path>
<handler_class><![CDATA[]]></handler_class>
<handler><![CDATA[]]></handler>
</customlink>
</customlinks>
<crons>
</crons>
</module>
