<?xml version='1.0'?>
<schema>
	<tables>
		<table>
			<name>vtiger_lettersout</name>
			<sql><![CDATA[CREATE TABLE `vtiger_lettersout` (
  `lettersoutid` int(19) NOT NULL DEFAULT '0',
  `number` varchar(255) DEFAULT NULL,
  `title` varchar(255) DEFAULT NULL,
  `contactid` int(19) DEFAULT NULL,
  `relatedid` int(19) DEFAULT NULL,
  `potentialid` int(19) DEFAULT NULL,
  `helpdeskid` int(19) DEFAULT NULL,
  `projectid` int(19) DEFAULT NULL,
  `campaignid` int(19) DEFAULT NULL,
  `person_receiving` int(19) DEFAULT NULL,
  `parentid` int(19) DEFAULT NULL,
  `date_adoption` date DEFAULT NULL,
  `lout_type_ship` varchar(255) DEFAULT '',
  `lout_type_doc` text,
  `lout_status` varchar(255) DEFAULT '',
  `deadline_reply` date DEFAULT NULL,
  `cocument_no` varchar(100) DEFAULT '',
  `no_internal` varchar(100) DEFAULT '',
  `lout_dimensions` varchar(255) DEFAULT '',
  PRIMARY KEY (`lettersoutid`),
  CONSTRAINT `fk_1_vtiger_lettersout` FOREIGN KEY (`lettersoutid`) REFERENCES `vtiger_crmentity` (`crmid`) ON DELETE CASCADE
) ENGINE=InnoDB DEFAULT CHARSET=utf8]]></sql>
		</table>
		<table>
			<name>vtiger_lettersoutcf</name>
			<sql><![CDATA[CREATE TABLE `vtiger_lettersoutcf` (
  `lettersoutid` int(11) NOT NULL,
  PRIMARY KEY (`lettersoutid`),
  CONSTRAINT `fk_1_vtiger_lettersoutcf` FOREIGN KEY (`lettersoutid`) REFERENCES `vtiger_lettersout` (`lettersoutid`) ON DELETE CASCADE
) ENGINE=InnoDB DEFAULT CHARSET=utf8]]></sql>
		</table>
	</tables>
</schema>
