{
    "openapi": "3.0.0",
    "info": {
        "title": "YetiForce API for Webservice App. Type: Manage consents",
        "termsOfService": "https://yetiforce.com/",
        "contact": {
            "name": "Devs API Team",
            "url": "https://yetiforce.com/",
            "email": "devs@yetiforce.com"
        },
        "license": {
            "name": "YetiForce Public License v3",
            "url": "https://yetiforce.com/en/yetiforce/license"
        },
        "version": "0.1"
    },
    "paths": {
        "/webservice/ApprovalsRegister/Record": {
            "post": {
                "tags": [
                    "Consents"
                ],
                "summary": "Adds an consent entry",
                "operationId": "Api\\ManageConsents\\ApprovalsRegister\\Record::post",
                "requestBody": {
                    "description": "Required data for communication",
                    "required": true,
                    "content": {
                        "multipart/form-data": {
                            "schema": {
                                "$ref": "#/components/schemas/ApprovalsRegisterRequestBody"
                            }
                        },
                        "application/x-www-form-urlencoded": {
                            "schema": {
                                "$ref": "#/components/schemas/ApprovalsRegisterRequestBody"
                            }
                        },
                        "application/json": {
                            "schema": {
                                "$ref": "#/components/schemas/ApprovalsRegisterRequestBody"
                            }
                        }
                    }
                },
                "responses": {
                    "200": {
                        "description": "Result of adding entry",
                        "content": {
                            "text/html": {
                                "schema": {
                                    "$ref": "#/components/schemas/ApprovalsRegisterResponseBody"
                                }
                            },
                            "application/json": {
                                "schema": {
                                    "$ref": "#/components/schemas/ApprovalsRegisterResponseBody"
                                }
                            }
                        }
                    },
                    "401": {
                        "description": "No sent token OR Invalid token"
                    },
                    "403": {
                        "description": "No permissions for module"
                    },
                    "405": {
                        "description": "Method Not Allowed"
                    }
                },
                "security": [
                    {
                        "basicAuth": "",
                        "ApiKeyAuth": "",
                        "token": ""
                    }
                ]
            }
        },
        "/webservice/Approvals/RecordsList": {
            "get": {
                "tags": [
                    "Consents"
                ],
                "summary": "Gets the list of consents",
                "operationId": "Api\\ManageConsents\\BaseModule\\RecordsList::get",
                "parameters": [
                    {
                        "name": "x-row-limit",
                        "in": "header",
                        "description": "Limit",
                        "required": false,
                        "schema": {
                            "type": "integer",
                            "format": "int64"
                        },
                        "example": "0"
                    },
                    {
                        "name": "x-row-offset",
                        "in": "header",
                        "description": "Offset",
                        "required": false,
                        "schema": {
                            "type": "integer",
                            "format": "int64"
                        },
                        "example": "0"
                    },
                    {
                        "name": "x-raw-data",
                        "in": "header",
                        "description": "Gets raw data",
                        "required": false,
                        "schema": {
                            "type": "integer",
                            "format": "int64"
                        },
                        "example": "1"
                    }
                ],
                "requestBody": {
                    "description": "The content of the request is empty",
                    "required": false
                },
                "responses": {
                    "200": {
                        "description": "List of consents",
                        "content": {
                            "text/html": {
                                "schema": {
                                    "$ref": "#/components/schemas/ConsentsResponseBody"
                                }
                            },
                            "application/json": {
                                "schema": {
                                    "$ref": "#/components/schemas/ConsentsResponseBody"
                                }
                            }
                        }
                    },
                    "401": {
                        "description": "No sent token OR Invalid token"
                    },
                    "403": {
                        "description": "No permissions for module"
                    },
                    "405": {
                        "description": "Method Not Allowed"
                    }
                },
                "security": [
                    {
                        "basicAuth": "",
                        "ApiKeyAuth": "",
                        "token": ""
                    }
                ]
            }
        },
        "/webservice/{moduleName}/GetConsentsForEntry": {
            "post": {
                "tags": [
                    "Consents"
                ],
                "summary": "Gets the list of consents for specific entry",
                "operationId": "Api\\ManageConsents\\BaseModule\\GetConsentsForEntry::post",
                "parameters": [
                    {
                        "name": "moduleName",
                        "in": "path",
                        "description": "Module name",
                        "required": true,
                        "schema": {
                            "type": "string"
                        },
                        "example": "Contacts"
                    }
                ],
                "requestBody": {
                    "description": "Required data for communication",
                    "required": true,
                    "content": {
                        "multipart/form-data": {
                            "schema": {
                                "$ref": "#/components/schemas/ConsentsForEntryRequestBody"
                            }
                        },
                        "application/x-www-form-urlencoded": {
                            "schema": {
                                "$ref": "#/components/schemas/ConsentsForEntryRequestBody"
                            }
                        },
                        "application/json": {
                            "schema": {
                                "$ref": "#/components/schemas/ConsentsForEntryRequestBody"
                            }
                        }
                    }
                },
                "responses": {
                    "200": {
                        "description": "List of consents for specific entry",
                        "content": {
                            "text/html": {
                                "schema": {
                                    "$ref": "#/components/schemas/ConsentsForEntryResponseBody"
                                }
                            },
                            "application/json": {
                                "schema": {
                                    "$ref": "#/components/schemas/ConsentsForEntryResponseBody"
                                }
                            }
                        }
                    },
                    "401": {
                        "description": "No sent token OR Invalid token"
                    },
                    "403": {
                        "description": "No permissions for module"
                    },
                    "404": {
                        "description": "Not Found"
                    },
                    "405": {
                        "description": "Method Not Allowed"
                    }
                },
                "security": [
                    {
                        "basicAuth": "",
                        "ApiKeyAuth": "",
                        "token": ""
                    }
                ]
            }
        },
        "/webservice/{moduleName}/SendEmail": {
            "post": {
                "tags": [
                    "Consents"
                ],
                "summary": "Send e-mail",
                "operationId": "Api\\ManageConsents\\BaseModule\\SendEmail::post",
                "parameters": [
                    {
                        "name": "moduleName",
                        "in": "path",
                        "description": "Module name",
                        "required": true,
                        "schema": {
                            "type": "string"
                        },
                        "example": "Contacts"
                    }
                ],
                "requestBody": {
                    "description": "Required data for communication",
                    "required": true,
                    "content": {
                        "multipart/form-data": {
                            "schema": {
                                "$ref": "#/components/schemas/SendEmailRequestBody"
                            }
                        },
                        "application/x-www-form-urlencoded": {
                            "schema": {
                                "$ref": "#/components/schemas/SendEmailRequestBody"
                            }
                        },
                        "application/json": {
                            "schema": {
                                "$ref": "#/components/schemas/SendEmailRequestBody"
                            }
                        }
                    }
                },
                "responses": {
                    "200": {
                        "description": "List of consents for specific entry",
                        "content": {
                            "text/html": {
                                "schema": {
                                    "$ref": "#/components/schemas/SendEmailResponseBody"
                                }
                            },
                            "application/json": {
                                "schema": {
                                    "$ref": "#/components/schemas/SendEmailResponseBody"
                                }
                            }
                        }
                    },
                    "401": {
                        "description": "No sent token OR Invalid token"
                    },
                    "403": {
                        "description": "No permissions for module"
                    },
                    "404": {
                        "description": "Not Found"
                    },
                    "405": {
                        "description": "Method Not Allowed"
                    }
                },
                "security": [
                    {
                        "basicAuth": "",
                        "ApiKeyAuth": "",
                        "token": ""
                    }
                ]
            }
        }
    },
    "components": {
        "schemas": {
            "ApprovalsRegisterRequestBody": {
                "title": "A list of fields required while creating an entry",
                "description": "The list is based on fields in the Consent register module. Accepting or declining consent takes place based on the value in the approvals_register_status field.",
                "type": "object",
                "example": {
                    "subject": "Text",
                    "approvalsid": "123",
                    "contactid": "321",
                    "approvals_register_type": "PLL_ACCEPTANCE",
                    "approvals_register_status": "PLL_FOR_VERIFICATION",
                    "registration_date": "2019-11-12 12:00"
                }
            },
            "ApprovalsRegisterResponseBody": {
                "title": "Adding an entry",
                "description": "Result of adding entry",
                "properties": {
                    "status": {
                        "description": "A numeric value of 0 or 1 that indicates whether the communication is valid. 1 - success , 0 - error",
                        "type": "integer",
                        "enum": [
                            0,
                            1
                        ],
                        "example": 1
                    },
                    "result": {
                        "description": "Result of adding entry",
                        "properties": {
                            "id": {
                                "description": "New entry ID. Empty value means that the operation was unsuccessful.",
                                "type": "integer",
                                "example": 24842
                            },
                            "error": {
                                "description": "Error message. The variable exists when some of the provided data is incomplete and the entry could not be added.",
                                "type": "string",
                                "example": ""
                            }
                        },
                        "type": "object"
                    }
                },
                "type": "object"
            },
            "ConsentsResponseBody": {
                "title": "List of consents",
                "description": "List of obtained consents",
                "properties": {
                    "status": {
                        "description": "A numeric value of 0 or 1 that indicates whether the communication is valid. 1 - success , 0 - error",
                        "type": "integer",
                        "enum": [
                            0,
                            1
                        ],
                        "example": 1
                    },
                    "result": {
                        "description": "Specific response",
                        "properties": {
                            "records": {
                                "description": "Gets consents.",
                                "properties": {
                                    "24862": {
                                        "description": "Gets consents.",
                                        "properties": {
                                            "id": {
                                                "description": "Consent ID",
                                                "type": "integer",
                                                "example": 24862
                                            },
                                            "name": {
                                                "description": "Text",
                                                "type": "string",
                                                "example": "Consent for email"
                                            },
                                            "approvals_status": {
                                                "description": "Status",
                                                "type": "string",
                                                "example": "Active"
                                            },
                                            "number": {
                                                "description": "Text",
                                                "type": "string",
                                                "example": "N12"
                                            },
                                            "assigned_user_id": {
                                                "description": "Assigned user name",
                                                "type": "string",
                                                "example": "Kowalski Adam"
                                            },
                                            "createdtime": {
                                                "description": "Gets consents.",
                                                "type": "string",
                                                "format": "date-time",
                                                "example": "2019-10-07 08:32:38"
                                            },
                                            "modifiedtime": {
                                                "description": "Gets consents.",
                                                "type": "string",
                                                "format": "date-time",
                                                "example": "2019-10-07 08:32:38"
                                            },
                                            "created_user_id": {
                                                "description": "Assigned user name",
                                                "type": "string",
                                                "example": "Kowalski Adam"
                                            },
                                            "shownerid": {
                                                "description": "Assigned user name",
                                                "type": "string",
                                                "example": "Kowalski Adam"
                                            },
                                            "description": {
                                                "description": "Description",
                                                "type": "string",
                                                "example": "I confirm to have read.."
                                            }
                                        },
                                        "type": "object"
                                    }
                                },
                                "type": "object"
                            },
                            "rawData": {
                                "description": "Gets consents.",
                                "properties": {
                                    "24862": {
                                        "description": "Gets consents.",
                                        "properties": {
                                            "id": {
                                                "description": "Consent ID",
                                                "type": "integer",
                                                "example": 24862
                                            },
                                            "name": {
                                                "description": "Text",
                                                "type": "string",
                                                "example": "Consent for email"
                                            },
                                            "approvals_status": {
                                                "description": "Status",
                                                "type": "string",
                                                "example": "PLL_ACTIVE"
                                            },
                                            "number": {
                                                "description": "Text",
                                                "type": "string",
                                                "example": "N12"
                                            },
                                            "assigned_user_id": {
                                                "description": "Assigned user ID",
                                                "type": "integer",
                                                "example": 245
                                            },
                                            "createdtime": {
                                                "description": "Gets consents.",
                                                "type": "string",
                                                "format": "date-time",
                                                "example": "2019-10-07 08:32:38"
                                            },
                                            "modifiedtime": {
                                                "description": "Gets consents.",
                                                "type": "string",
                                                "format": "date-time",
                                                "example": "2019-10-07 08:32:38"
                                            },
                                            "created_user_id": {
                                                "description": "Assigned user ID",
                                                "type": "integer",
                                                "example": 245
                                            },
                                            "shownerid": {
                                                "description": "Assigned user name",
                                                "type": "string",
                                                "example": "Kowalski Adam"
                                            },
                                            "description": {
                                                "description": "Description",
                                                "type": "string",
                                                "example": "I confirm to have read.."
                                            }
                                        },
                                        "type": "object"
                                    }
                                },
                                "type": "object"
                            },
                            "isMorePages": {
                                "description": "There are more entries",
                                "type": "boolean",
                                "example": "true"
                            }
                        },
                        "type": "object"
                    }
                },
                "type": "object"
            },
            "ConsentsForEntryRequestBody": {
                "title": "Request body for GetConsentsForEntry",
                "properties": {
                    "token": {
                        "description": "Entry unique ID (Token type field in the module is required)",
                        "type": "string"
                    }
                },
                "type": "object"
            },
            "ConsentsForEntryResponseBody": {
                "title": "Response body for GetConsentsForEntry",
                "properties": {
                    "status": {
                        "description": "A numeric value of 0 or 1 that indicates whether the communication is valid. 1 - success , 0 - error",
                        "type": "integer",
                        "enum": [
                            0,
                            1
                        ],
                        "example": 1
                    },
                    "result": {
                        "description": "Specific response",
                        "properties": {
                            "id": {
                                "description": "Record ID",
                                "type": "integer",
                                "example": 24842
                            },
                            "consents": {
                                "description": "Gets consents.",
                                "type": "array",
                                "items": {
                                    "type": "integer",
                                    "example": 24862
                                }
                            }
                        },
                        "type": "object"
                    }
                },
                "type": "object"
            },
            "SendEmailRequestBody": {
                "title": "Request body for SendEmail",
                "properties": {
                    "e-mail": {
                        "description": "E-mail address (Token type field in the module is required)",
                        "type": "string"
                    },
                    "templateId": {
                        "description": "Specific ID of the email template",
                        "type": "integer"
                    }
                },
                "type": "object"
            },
            "SendEmailResponseBody": {
                "title": "Response body for SendEmail",
                "properties": {
                    "status": {
                        "description": "A numeric value of 0 or 1 that indicates whether the communication is valid. 1 - success , 0 - error",
                        "type": "integer",
                        "enum": [
                            0,
                            1
                        ],
                        "example": 1
                    },
                    "result": {
                        "description": "Added mail to quote for send: true - success , false - fail",
                        "type": "bool",
                        "example": true
                    }
                },
                "type": "object"
            }
        },
        "securitySchemes": {
            "basicAuth": {
                "type": "http",
                "in": "header",
                "scheme": "basic"
            },
            "ApiKeyAuth": {
                "type": "apiKey",
                "description": "Webservice api key",
                "name": "X-API-KEY",
                "in": "header"
            },
            "token": {
                "type": "apiKey",
                "description": "Webservice api token by user",
                "name": "X-TOKEN",
                "in": "header"
            }
        }
    }
}