<?xml version='1.0'?>
<module>
	<exporttime>2020-11-20 11:15:47</exporttime>
	<name>BankAccounts</name>
	<label>BankAccounts</label>
	<premium>0</premium>
	<type>entity</type>
	<dependencies>
		<vtiger_version>5.3.220</vtiger_version>
	</dependencies>
	<tables>
		<table>
			<name>u_yf_bankaccounts</name>
			<sql><![CDATA[CREATE TABLE `u_yf_bankaccounts` (
  `bankaccountsid` int(10) NOT NULL,
  `name` varchar(255) DEFAULT NULL,
  `number` varchar(32) DEFAULT NULL,
  `currency_id` int(10) DEFAULT NULL,
  `swift` varchar(255) DEFAULT '',
  `bank_name` varchar(255) DEFAULT '',
  `bankaccount_status` varchar(255) DEFAULT '',
  `account_number` varchar(255) DEFAULT '',
  `multicompanyid` int(11) unsigned DEFAULT 0,
  PRIMARY KEY (`bankaccountsid`),
  KEY `u_yf_bankaccounts_multicompanyid_idx` (`multicompanyid`),
  CONSTRAINT `fk_1_u_yf_bankaccountsbankaccountsid` FOREIGN KEY (`bankaccountsid`) REFERENCES `vtiger_crmentity` (`crmid`) ON DELETE CASCADE
) ENGINE=InnoDB DEFAULT CHARSET=utf8]]></sql>
		</table>
		<table>
			<name>u_yf_bankaccountscf</name>
			<sql><![CDATA[CREATE TABLE `u_yf_bankaccountscf` (
  `bankaccountsid` int(10) NOT NULL,
  PRIMARY KEY (`bankaccountsid`),
  CONSTRAINT `fk_1_u_yf_bankaccountscfbankaccountsid` FOREIGN KEY (`bankaccountsid`) REFERENCES `u_yf_bankaccounts` (`bankaccountsid`) ON DELETE CASCADE
) ENGINE=InnoDB DEFAULT CHARSET=utf8]]></sql>
		</table>
	</tables>
	<blocks>
		<block>
			<blocklabel>LBL_BASIC_INFORMATION</blocklabel>
			<sequence>1</sequence>
			<show_title>0</show_title>
			<visible>0</visible>
			<create_view>0</create_view>
			<edit_view>0</edit_view>
			<detail_view>0</detail_view>
			<display_status>1</display_status>
			<iscustom>0</iscustom>
			<fields>
				<field>
					<fieldname>name</fieldname>
					<uitype>2</uitype>
					<columnname>name</columnname>
					<columntype>varchar(255)</columntype>
					<tablename>u_yf_bankaccounts</tablename>
					<generatedtype>1</generatedtype>
					<fieldlabel>FL_NAME</fieldlabel>
					<readonly>0</readonly>
					<presence>2</presence>
					<defaultvalue></defaultvalue>
					<sequence>1</sequence>
					<maximumlength>255</maximumlength>
					<typeofdata>V~M</typeofdata>
					<quickcreate>2</quickcreate>
					<quickcreatesequence>0</quickcreatesequence>
					<displaytype>1</displaytype>
					<info_type>BAS</info_type>
					<fieldparams></fieldparams>
					<helpinfo></helpinfo>
					<masseditable>1</masseditable>
					<summaryfield>0</summaryfield>
					<entityidentifier>
						<entityidfield>bankaccountsid</entityidfield>
						<entityidcolumn>bankaccountsid</entityidcolumn>
					</entityidentifier>
				</field>
				<field>
					<fieldname>currency_id</fieldname>
					<uitype>117</uitype>
					<columnname>currency_id</columnname>
					<columntype>int(10)</columntype>
					<tablename>u_yf_bankaccounts</tablename>
					<generatedtype>1</generatedtype>
					<fieldlabel>FL_CURRENCY</fieldlabel>
					<readonly>0</readonly>
					<presence>2</presence>
					<defaultvalue></defaultvalue>
					<sequence>3</sequence>
					<maximumlength>-2147483648,2147483647</maximumlength>
					<typeofdata>N~M</typeofdata>
					<quickcreate>1</quickcreate>
					<quickcreatesequence>0</quickcreatesequence>
					<displaytype>1</displaytype>
					<info_type>BAS</info_type>
					<fieldparams></fieldparams>
					<helpinfo></helpinfo>
					<masseditable>1</masseditable>
					<summaryfield>0</summaryfield>
				</field>
				<field>
					<fieldname>swift</fieldname>
					<uitype>1</uitype>
					<columnname>swift</columnname>
					<columntype>varchar(255)</columntype>
					<tablename>u_yf_bankaccounts</tablename>
					<generatedtype>1</generatedtype>
					<fieldlabel>FL_SWIFT</fieldlabel>
					<readonly>0</readonly>
					<presence>2</presence>
					<defaultvalue></defaultvalue>
					<sequence>6</sequence>
					<maximumlength>255</maximumlength>
					<typeofdata>V~O~LE~255</typeofdata>
					<quickcreate>2</quickcreate>
					<quickcreatesequence>0</quickcreatesequence>
					<displaytype>1</displaytype>
					<info_type>BAS</info_type>
					<fieldparams></fieldparams>
					<helpinfo></helpinfo>
					<masseditable>1</masseditable>
					<summaryfield>0</summaryfield>
				</field>
				<field>
					<fieldname>bank_name</fieldname>
					<uitype>1</uitype>
					<columnname>bank_name</columnname>
					<columntype>varchar(255)</columntype>
					<tablename>u_yf_bankaccounts</tablename>
					<generatedtype>1</generatedtype>
					<fieldlabel>FL_BANK_NAME</fieldlabel>
					<readonly>0</readonly>
					<presence>2</presence>
					<defaultvalue></defaultvalue>
					<sequence>5</sequence>
					<maximumlength>255</maximumlength>
					<typeofdata>V~O~LE~255</typeofdata>
					<quickcreate>2</quickcreate>
					<quickcreatesequence>0</quickcreatesequence>
					<displaytype>1</displaytype>
					<info_type>BAS</info_type>
					<fieldparams></fieldparams>
					<helpinfo></helpinfo>
					<masseditable>1</masseditable>
					<summaryfield>0</summaryfield>
				</field>
				<field>
					<fieldname>bankaccount_status</fieldname>
					<uitype>16</uitype>
					<columnname>bankaccount_status</columnname>
					<columntype>varchar(255)</columntype>
					<tablename>u_yf_bankaccounts</tablename>
					<generatedtype>1</generatedtype>
					<fieldlabel>FL_STATUS</fieldlabel>
					<readonly>0</readonly>
					<presence>2</presence>
					<defaultvalue></defaultvalue>
					<sequence>4</sequence>
					<maximumlength>255</maximumlength>
					<typeofdata>V~M</typeofdata>
					<quickcreate>1</quickcreate>
					<quickcreatesequence>0</quickcreatesequence>
					<displaytype>1</displaytype>
					<info_type>BAS</info_type>
					<fieldparams></fieldparams>
					<helpinfo></helpinfo>
					<masseditable>1</masseditable>
					<summaryfield>0</summaryfield>
					<picklistvalues>
						<picklistvalue>PLL_DRAFT</picklistvalue>
						<picklistvalue>PLL_ACTIVE</picklistvalue>
						<picklistvalue>PLL_INACTIVE</picklistvalue>
					</picklistvalues>
				</field>
				<field>
					<fieldname>account_number</fieldname>
					<uitype>1</uitype>
					<columnname>account_number</columnname>
					<columntype>varchar(255)</columntype>
					<tablename>u_yf_bankaccounts</tablename>
					<generatedtype>1</generatedtype>
					<fieldlabel>FL_BANK_ACCOUNT_NUMBER</fieldlabel>
					<readonly>0</readonly>
					<presence>2</presence>
					<defaultvalue></defaultvalue>
					<sequence>2</sequence>
					<maximumlength>255</maximumlength>
					<typeofdata>V~M</typeofdata>
					<quickcreate>1</quickcreate>
					<quickcreatesequence>0</quickcreatesequence>
					<displaytype>1</displaytype>
					<info_type>BAS</info_type>
					<fieldparams></fieldparams>
					<helpinfo></helpinfo>
					<masseditable>1</masseditable>
					<summaryfield>0</summaryfield>
				</field>
				<field>
					<fieldname>multicompanyid</fieldname>
					<uitype>10</uitype>
					<columnname>multicompanyid</columnname>
					<columntype>int(11) unsigned</columntype>
					<tablename>u_yf_bankaccounts</tablename>
					<generatedtype>1</generatedtype>
					<fieldlabel>FL_MULTICOMPANY</fieldlabel>
					<readonly>0</readonly>
					<presence>2</presence>
					<defaultvalue></defaultvalue>
					<sequence>7</sequence>
					<maximumlength>4294967295</maximumlength>
					<typeofdata>V~O</typeofdata>
					<quickcreate>1</quickcreate>
					<quickcreatesequence>0</quickcreatesequence>
					<displaytype>1</displaytype>
					<info_type>BAS</info_type>
					<fieldparams></fieldparams>
					<helpinfo></helpinfo>
					<masseditable>1</masseditable>
					<summaryfield>0</summaryfield>
					<relatedmodules>
						<relatedmodule>MultiCompany</relatedmodule>
					</relatedmodules>
				</field>
			</fields>
		</block>
		<block>
			<blocklabel>LBL_CUSTOM_INFORMATION</blocklabel>
			<sequence>2</sequence>
			<show_title>0</show_title>
			<visible>0</visible>
			<create_view>0</create_view>
			<edit_view>0</edit_view>
			<detail_view>0</detail_view>
			<display_status>1</display_status>
			<iscustom>0</iscustom>
			<fields>
				<field>
					<fieldname>number</fieldname>
					<uitype>4</uitype>
					<columnname>number</columnname>
					<columntype>varchar(32)</columntype>
					<tablename>u_yf_bankaccounts</tablename>
					<generatedtype>1</generatedtype>
					<fieldlabel>FL_NUMBER</fieldlabel>
					<readonly>0</readonly>
					<presence>2</presence>
					<defaultvalue></defaultvalue>
					<sequence>0</sequence>
					<maximumlength>32</maximumlength>
					<typeofdata>V~O</typeofdata>
					<quickcreate>1</quickcreate>
					<quickcreatesequence>0</quickcreatesequence>
					<displaytype>2</displaytype>
					<info_type>BAS</info_type>
					<fieldparams></fieldparams>
					<helpinfo></helpinfo>
					<masseditable>1</masseditable>
					<summaryfield>0</summaryfield>
					<numberInfo>
						<prefix>BA</prefix>
						<leading_zeros>0</leading_zeros>
						<postfix></postfix>
						<start_id>1</start_id>
						<cur_id>1</cur_id>
						<reset_sequence></reset_sequence>
						<cur_sequence></cur_sequence>
					</numberInfo>
				</field>
				<field>
					<fieldname>assigned_user_id</fieldname>
					<uitype>53</uitype>
					<columnname>smownerid</columnname>
					<columntype>smallint(5) unsigned</columntype>
					<tablename>vtiger_crmentity</tablename>
					<generatedtype>1</generatedtype>
					<fieldlabel>Assigned To</fieldlabel>
					<readonly>0</readonly>
					<presence>2</presence>
					<defaultvalue></defaultvalue>
					<sequence>0</sequence>
					<maximumlength>65535</maximumlength>
					<typeofdata>V~M</typeofdata>
					<quickcreate>1</quickcreate>
					<quickcreatesequence>0</quickcreatesequence>
					<displaytype>1</displaytype>
					<info_type>BAS</info_type>
					<fieldparams></fieldparams>
					<helpinfo></helpinfo>
					<masseditable>1</masseditable>
					<summaryfield>0</summaryfield>
				</field>
				<field>
					<fieldname>createdtime</fieldname>
					<uitype>70</uitype>
					<columnname>createdtime</columnname>
					<columntype>datetime</columntype>
					<tablename>vtiger_crmentity</tablename>
					<generatedtype>1</generatedtype>
					<fieldlabel>Created Time</fieldlabel>
					<readonly>0</readonly>
					<presence>2</presence>
					<defaultvalue></defaultvalue>
					<sequence>0</sequence>
					<maximumlength></maximumlength>
					<typeofdata>DT~O</typeofdata>
					<quickcreate>1</quickcreate>
					<quickcreatesequence>0</quickcreatesequence>
					<displaytype>2</displaytype>
					<info_type>BAS</info_type>
					<fieldparams></fieldparams>
					<helpinfo></helpinfo>
					<masseditable>1</masseditable>
					<summaryfield>0</summaryfield>
				</field>
				<field>
					<fieldname>modifiedtime</fieldname>
					<uitype>70</uitype>
					<columnname>modifiedtime</columnname>
					<columntype>datetime</columntype>
					<tablename>vtiger_crmentity</tablename>
					<generatedtype>1</generatedtype>
					<fieldlabel>Modified Time</fieldlabel>
					<readonly>0</readonly>
					<presence>2</presence>
					<defaultvalue></defaultvalue>
					<sequence>0</sequence>
					<maximumlength></maximumlength>
					<typeofdata>DT~O</typeofdata>
					<quickcreate>1</quickcreate>
					<quickcreatesequence>0</quickcreatesequence>
					<displaytype>2</displaytype>
					<info_type>BAS</info_type>
					<fieldparams></fieldparams>
					<helpinfo></helpinfo>
					<masseditable>1</masseditable>
					<summaryfield>0</summaryfield>
				</field>
				<field>
					<fieldname>created_user_id</fieldname>
					<uitype>52</uitype>
					<columnname>smcreatorid</columnname>
					<columntype>smallint(5) unsigned</columntype>
					<tablename>vtiger_crmentity</tablename>
					<generatedtype>1</generatedtype>
					<fieldlabel>Created By</fieldlabel>
					<readonly>0</readonly>
					<presence>2</presence>
					<defaultvalue></defaultvalue>
					<sequence>0</sequence>
					<maximumlength>65535</maximumlength>
					<typeofdata>V~O</typeofdata>
					<quickcreate>3</quickcreate>
					<quickcreatesequence>0</quickcreatesequence>
					<displaytype>2</displaytype>
					<info_type>BAS</info_type>
					<fieldparams></fieldparams>
					<helpinfo></helpinfo>
					<masseditable>0</masseditable>
					<summaryfield>0</summaryfield>
				</field>
				<field>
					<fieldname>shownerid</fieldname>
					<uitype>120</uitype>
					<columnname>shownerid</columnname>
					<columntype>tinyint(1)</columntype>
					<tablename>vtiger_crmentity</tablename>
					<generatedtype>1</generatedtype>
					<fieldlabel>Share with users</fieldlabel>
					<readonly>0</readonly>
					<presence>2</presence>
					<defaultvalue></defaultvalue>
					<sequence>0</sequence>
					<maximumlength>65535</maximumlength>
					<typeofdata>V~O</typeofdata>
					<quickcreate>1</quickcreate>
					<quickcreatesequence>0</quickcreatesequence>
					<displaytype>1</displaytype>
					<info_type>BAS</info_type>
					<fieldparams></fieldparams>
					<helpinfo></helpinfo>
					<masseditable>1</masseditable>
					<summaryfield>0</summaryfield>
				</field>
			</fields>
		</block>
	</blocks>
	<customviews>
		<customview>
			<viewname>All</viewname>
			<setdefault>true</setdefault>
			<setmetrics>false</setmetrics>
			<featured>0</featured>
			<privileges>1</privileges>
			<presence>0</presence>
			<sequence>0</sequence>
			<description><![CDATA[]]></description>
			<sort></sort>
			<fields>
				<field>
					<fieldname>name</fieldname>
					<modulename>BankAccounts</modulename>
					<columnindex>0</columnindex>
				</field>
				<field>
					<fieldname>number</fieldname>
					<modulename>BankAccounts</modulename>
					<columnindex>1</columnindex>
				</field>
				<field>
					<fieldname>createdtime</fieldname>
					<modulename>BankAccounts</modulename>
					<columnindex>2</columnindex>
				</field>
				<field>
					<fieldname>assigned_user_id</fieldname>
					<modulename>BankAccounts</modulename>
					<columnindex>3</columnindex>
				</field>
			</fields>
		</customview>
	</customviews>
	<sharingaccess>
		<default>public_readwritedelete</default>
	</sharingaccess>
	<actions>
		<action>
			<name><![CDATA[Import]]></name>
			<status>enabled</status>
		</action>
		<action>
			<name><![CDATA[Export]]></name>
			<status>enabled</status>
		</action>
		<action>
			<name><![CDATA[Merge]]></name>
			<status>enabled</status>
		</action>
		<action>
			<name><![CDATA[CreateCustomFilter]]></name>
			<status>enabled</status>
		</action>
		<action>
			<name><![CDATA[DuplicateRecord]]></name>
			<status>enabled</status>
		</action>
		<action>
			<name><![CDATA[MassEdit]]></name>
			<status>enabled</status>
		</action>
		<action>
			<name><![CDATA[MassDelete]]></name>
			<status>enabled</status>
		</action>
		<action>
			<name><![CDATA[MassAddComment]]></name>
			<status>enabled</status>
		</action>
		<action>
			<name><![CDATA[MassTransferOwnership]]></name>
			<status>enabled</status>
		</action>
		<action>
			<name><![CDATA[ReadRecord]]></name>
			<status>enabled</status>
		</action>
		<action>
			<name><![CDATA[WorkflowTrigger]]></name>
			<status>enabled</status>
		</action>
		<action>
			<name><![CDATA[Dashboard]]></name>
			<status>enabled</status>
		</action>
		<action>
			<name><![CDATA[CreateDashboardFilter]]></name>
			<status>enabled</status>
		</action>
		<action>
			<name><![CDATA[QuickExportToExcel]]></name>
			<status>enabled</status>
		</action>
		<action>
			<name><![CDATA[ExportPdf]]></name>
			<status>enabled</status>
		</action>
		<action>
			<name><![CDATA[RecordMapping]]></name>
			<status>enabled</status>
		</action>
		<action>
			<name><![CDATA[RecordMappingList]]></name>
			<status>enabled</status>
		</action>
		<action>
			<name><![CDATA[OpenRecord]]></name>
			<status>enabled</status>
		</action>
		<action>
			<name><![CDATA[CloseRecord]]></name>
			<status>enabled</status>
		</action>
		<action>
			<name><![CDATA[FavoriteRecords]]></name>
			<status>enabled</status>
		</action>
		<action>
			<name><![CDATA[WatchingRecords]]></name>
			<status>enabled</status>
		</action>
		<action>
			<name><![CDATA[WatchingModule]]></name>
			<status>enabled</status>
		</action>
		<action>
			<name><![CDATA[RemoveRelation]]></name>
			<status>enabled</status>
		</action>
		<action>
			<name><![CDATA[ReceivingMailNotifications]]></name>
			<status>enabled</status>
		</action>
		<action>
			<name><![CDATA[ReviewingUpdates]]></name>
			<status>enabled</status>
		</action>
		<action>
			<name><![CDATA[CreateDashboardChartFilter]]></name>
			<status>enabled</status>
		</action>
		<action>
			<name><![CDATA[TimeLineList]]></name>
			<status>enabled</status>
		</action>
		<action>
			<name><![CDATA[MassArchived]]></name>
			<status>enabled</status>
		</action>
		<action>
			<name><![CDATA[MassActive]]></name>
			<status>enabled</status>
		</action>
		<action>
			<name><![CDATA[ArchiveRecord]]></name>
			<status>enabled</status>
		</action>
		<action>
			<name><![CDATA[ActiveRecord]]></name>
			<status>enabled</status>
		</action>
		<action>
			<name><![CDATA[MassTrash]]></name>
			<status>enabled</status>
		</action>
		<action>
			<name><![CDATA[MoveToTrash]]></name>
			<status>enabled</status>
		</action>
		<action>
			<name><![CDATA[RecordConventer]]></name>
			<status>enabled</status>
		</action>
		<action>
			<name><![CDATA[AutoAssignRecord]]></name>
			<status>enabled</status>
		</action>
		<action>
			<name><![CDATA[AssignToYourself]]></name>
			<status>enabled</status>
		</action>
		<action>
			<name><![CDATA[InterestsConflictUsers]]></name>
			<status>enabled</status>
		</action>
	</actions>
	<inrelatedlists>
		<inrelatedlist>
			<inrelatedmodule>MultiCompany</inrelatedmodule>
			<function>getDependentsList</function>
			<label>BankAccounts</label>
			<sequence>2</sequence>
			<presence>0</presence>
			<favorites>1</favorites>
			<creator_detail>0</creator_detail>
			<relation_comment>0</relation_comment>
			<view_type>RelatedTab</view_type>
			<field_name>multicompanyid</field_name>
			<actions>
				<action>ADD</action>
			</actions>
		</inrelatedlist>
	</inrelatedlists>
	<crons>
	</crons>
</module>
