<?xml version='1.0'?>
<module>
<exporttime>2014-12-03 14:38:41</exporttime>
<name>AJAXChat</name>
<label>AJAXChat</label>
<type>extension</type>
<version>1.00</version>
<dependencies>
<vtiger_version>0.0.6</vtiger_version>
<vtiger_max_version>0.*</vtiger_max_version>
</dependencies>
<tables>
</tables>
<customlinks>
<customlink>
<linktype>HEADERSCRIPT</linktype>
<linklabel>Chat</linklabel>
<linkurl><![CDATA[layouts/vlayout/modules/AJAXChat/Chat.js]]></linkurl>
<linkicon><![CDATA[]]></linkicon>
<sequence>0</sequence>
<handler_path><![CDATA[]]></handler_path>
<handler_class><![CDATA[]]></handler_class>
<handler><![CDATA[]]></handler>
</customlink>
</customlinks>
<crons>
</crons>
</module>
