<?xml version='1.0'?>
<module>
<exporttime>2014-12-03 14:33:41</exporttime>
<name>Calculations</name>
<label>Calculations</label>
<parent>Sales</parent>
<version>1.0</version>
<dependencies>
<vtiger_version>6.0.0</vtiger_version>
<vtiger_max_version>6.*</vtiger_max_version>
</dependencies>
<tables>
<table>
<name>vtiger_calculations</name>
<sql><![CDATA[DROP TABLE]]></sql>
</table>
<table>
<name>vtiger_calculationscf</name>
<sql><![CDATA[DROP TABLE]]></sql>
</table>
</tables>
<blocks>
<block>
<label>LBL_INFORMATION</label>
<fields>
<field>
<fieldname>calculations_no</fieldname>
<uitype>4</uitype>
<columnname>calculations_no</columnname>
<tablename>vtiger_calculations</tablename>
<generatedtype>1</generatedtype>
<fieldlabel>Number</fieldlabel>
<readonly>1</readonly>
<presence>0</presence>
<defaultvalue></defaultvalue>
<sequence>0</sequence>
<maximumlength>100</maximumlength>
<typeofdata>V~O</typeofdata>
<quickcreate>3</quickcreate>
<quickcreatesequence>0</quickcreatesequence>
<displaytype>1</displaytype>
<info_type>BAS</info_type>
<helpinfo><![CDATA[0]]></helpinfo>
<masseditable>0</masseditable>
<summaryfield>0</summaryfield>
</field>
<field>
<fieldname>name</fieldname>
<uitype>2</uitype>
<columnname>name</columnname>
<tablename>vtiger_calculations</tablename>
<generatedtype>2</generatedtype>
<fieldlabel>Title</fieldlabel>
<readonly>1</readonly>
<presence>2</presence>
<defaultvalue></defaultvalue>
<sequence>2</sequence>
<maximumlength>100</maximumlength>
<typeofdata>V~M</typeofdata>
<quickcreate>1</quickcreate>
<quickcreatesequence></quickcreatesequence>
<displaytype>1</displaytype>
<info_type>BAS</info_type>
<helpinfo><![CDATA[0]]></helpinfo>
<masseditable>1</masseditable>
<summaryfield>0</summaryfield>
<entityidentifier>
<entityidfield>calculationsid</entityidfield>
<entityidcolumn>calculationsid</entityidcolumn>
</entityidentifier>
</field>
<field>
<fieldname>parentid</fieldname>
<uitype>10</uitype>
<columnname>parentid</columnname>
<tablename>vtiger_calculations</tablename>
<generatedtype>1</generatedtype>
<fieldlabel>Parent ID</fieldlabel>
<readonly>1</readonly>
<presence>2</presence>
<defaultvalue></defaultvalue>
<sequence>3</sequence>
<maximumlength>200</maximumlength>
<typeofdata>V~O</typeofdata>
<quickcreate>2</quickcreate>
<quickcreatesequence>3</quickcreatesequence>
<displaytype>1</displaytype>
<info_type>BAS</info_type>
<helpinfo><![CDATA[0]]></helpinfo>
<masseditable>1</masseditable>
<summaryfield>0</summaryfield>
<relatedmodules>
<relatedmodule>Calculations</relatedmodule>
</relatedmodules>
</field>
<field>
<fieldname>relatedid</fieldname>
<uitype>10</uitype>
<columnname>relatedid</columnname>
<tablename>vtiger_calculations</tablename>
<generatedtype>2</generatedtype>
<fieldlabel>Related to</fieldlabel>
<readonly>1</readonly>
<presence>2</presence>
<defaultvalue></defaultvalue>
<sequence>7</sequence>
<maximumlength>200</maximumlength>
<typeofdata>V~M</typeofdata>
<quickcreate>1</quickcreate>
<quickcreatesequence>7</quickcreatesequence>
<displaytype>1</displaytype>
<info_type>BAS</info_type>
<helpinfo><![CDATA[0]]></helpinfo>
<masseditable>1</masseditable>
<summaryfield>0</summaryfield>
<relatedmodules>
<relatedmodule>Accounts</relatedmodule>
</relatedmodules>
</field>
<field>
<fieldname>potentialid</fieldname>
<uitype>10</uitype>
<columnname>potentialid</columnname>
<tablename>vtiger_calculations</tablename>
<generatedtype>2</generatedtype>
<fieldlabel>Potential</fieldlabel>
<readonly>1</readonly>
<presence>2</presence>
<defaultvalue></defaultvalue>
<sequence>4</sequence>
<maximumlength>200</maximumlength>
<typeofdata>V~M</typeofdata>
<quickcreate>1</quickcreate>
<quickcreatesequence>4</quickcreatesequence>
<displaytype>1</displaytype>
<info_type>BAS</info_type>
<helpinfo><![CDATA[0]]></helpinfo>
<masseditable>1</masseditable>
<summaryfield>0</summaryfield>
<relatedmodules>
<relatedmodule>Potentials</relatedmodule>
</relatedmodules>
</field>
<field>
<fieldname>calculationsstatus</fieldname>
<uitype>15</uitype>
<columnname>calculationsstatus</columnname>
<tablename>vtiger_calculations</tablename>
<generatedtype>2</generatedtype>
<fieldlabel>CalculationStatus</fieldlabel>
<readonly>1</readonly>
<presence>2</presence>
<defaultvalue>LBL_IN_PREPARATION</defaultvalue>
<sequence>8</sequence>
<maximumlength>100</maximumlength>
<typeofdata>V~M</typeofdata>
<quickcreate>1</quickcreate>
<quickcreatesequence></quickcreatesequence>
<displaytype>1</displaytype>
<info_type>BAS</info_type>
<helpinfo><![CDATA[0]]></helpinfo>
<masseditable>1</masseditable>
<summaryfield>0</summaryfield>
<picklistvalues>
<picklistvalue>LBL_IN_PREPARATION</picklistvalue>
<picklistvalue>Waiting for valuation</picklistvalue>
<picklistvalue>Waiting for acceptance</picklistvalue>
<picklistvalue>Accepted</picklistvalue>
<picklistvalue>Rejected</picklistvalue>
<picklistvalue>LBL_OBJECTIONS_ARE_RAISED</picklistvalue>
</picklistvalues>
</field>
<field>
<fieldname>date</fieldname>
<uitype>5</uitype>
<columnname>date</columnname>
<tablename>vtiger_calculations</tablename>
<generatedtype>2</generatedtype>
<fieldlabel>LBL_DATE</fieldlabel>
<readonly>1</readonly>
<presence>2</presence>
<defaultvalue></defaultvalue>
<sequence>9</sequence>
<maximumlength>100</maximumlength>
<typeofdata>D~O</typeofdata>
<quickcreate>1</quickcreate>
<quickcreatesequence></quickcreatesequence>
<displaytype>1</displaytype>
<info_type>BAS</info_type>
<helpinfo><![CDATA[0]]></helpinfo>
<masseditable>1</masseditable>
<summaryfield>0</summaryfield>
</field>
</fields>
</block>
<block>
<label>LBL_CUSTOM_INFORMATION</label>
<fields>
<field>
<fieldname>createdtime</fieldname>
<uitype>70</uitype>
<columnname>createdtime</columnname>
<tablename>vtiger_crmentity</tablename>
<generatedtype>1</generatedtype>
<fieldlabel>Created Time</fieldlabel>
<readonly>1</readonly>
<presence>0</presence>
<defaultvalue></defaultvalue>
<sequence>1</sequence>
<maximumlength>100</maximumlength>
<typeofdata>DT~O</typeofdata>
<quickcreate>3</quickcreate>
<quickcreatesequence>0</quickcreatesequence>
<displaytype>2</displaytype>
<info_type>BAS</info_type>
<helpinfo><![CDATA[0]]></helpinfo>
<masseditable>0</masseditable>
<summaryfield>0</summaryfield>
</field>
<field>
<fieldname>modifiedtime</fieldname>
<uitype>70</uitype>
<columnname>modifiedtime</columnname>
<tablename>vtiger_crmentity</tablename>
<generatedtype>1</generatedtype>
<fieldlabel>Modified Time</fieldlabel>
<readonly>1</readonly>
<presence>0</presence>
<defaultvalue></defaultvalue>
<sequence>2</sequence>
<maximumlength>100</maximumlength>
<typeofdata>DT~O</typeofdata>
<quickcreate>3</quickcreate>
<quickcreatesequence>0</quickcreatesequence>
<displaytype>2</displaytype>
<info_type>BAS</info_type>
<helpinfo><![CDATA[0]]></helpinfo>
<masseditable>0</masseditable>
<summaryfield>0</summaryfield>
</field>
<field>
<fieldname>modifiedby</fieldname>
<uitype>52</uitype>
<columnname>modifiedby</columnname>
<tablename>vtiger_crmentity</tablename>
<generatedtype>1</generatedtype>
<fieldlabel>Last Modified By</fieldlabel>
<readonly>1</readonly>
<presence>0</presence>
<defaultvalue></defaultvalue>
<sequence>3</sequence>
<maximumlength>100</maximumlength>
<typeofdata>V~O</typeofdata>
<quickcreate>3</quickcreate>
<quickcreatesequence>0</quickcreatesequence>
<displaytype>3</displaytype>
<info_type>BAS</info_type>
<helpinfo><![CDATA[0]]></helpinfo>
<masseditable>0</masseditable>
<summaryfield>0</summaryfield>
</field>
<field>
<fieldname>assigned_user_id</fieldname>
<uitype>53</uitype>
<columnname>smownerid</columnname>
<tablename>vtiger_crmentity</tablename>
<generatedtype>1</generatedtype>
<fieldlabel>Assigned To</fieldlabel>
<readonly>1</readonly>
<presence>0</presence>
<defaultvalue></defaultvalue>
<sequence>4</sequence>
<maximumlength>100</maximumlength>
<typeofdata>V~M</typeofdata>
<quickcreate>0</quickcreate>
<quickcreatesequence>1</quickcreatesequence>
<displaytype>1</displaytype>
<info_type>BAS</info_type>
<helpinfo><![CDATA[0]]></helpinfo>
<masseditable>1</masseditable>
<summaryfield>0</summaryfield>
</field>
</fields>
</block>
<block>
<label>LBL_DESCRIPTION_INFORMATION</label>
<fields>
<field>
<fieldname>description</fieldname>
<uitype>300</uitype>
<columnname>description</columnname>
<tablename>vtiger_crmentity</tablename>
<generatedtype>1</generatedtype>
<fieldlabel>Description</fieldlabel>
<readonly>1</readonly>
<presence>2</presence>
<defaultvalue></defaultvalue>
<sequence>1</sequence>
<maximumlength>100</maximumlength>
<typeofdata>V~O</typeofdata>
<quickcreate>1</quickcreate>
<quickcreatesequence></quickcreatesequence>
<displaytype>1</displaytype>
<info_type>BAS</info_type>
<helpinfo><![CDATA[0]]></helpinfo>
<masseditable>1</masseditable>
<summaryfield>0</summaryfield>
</field>
<field>
<fieldname>comments</fieldname>
<uitype>300</uitype>
<columnname>comments</columnname>
<tablename>vtiger_calculations</tablename>
<generatedtype>1</generatedtype>
<fieldlabel>Comments</fieldlabel>
<readonly>1</readonly>
<presence>2</presence>
<defaultvalue></defaultvalue>
<sequence>2</sequence>
<maximumlength>100</maximumlength>
<typeofdata>V~O</typeofdata>
<quickcreate>1</quickcreate>
<quickcreatesequence></quickcreatesequence>
<displaytype>1</displaytype>
<info_type>BAS</info_type>
<helpinfo><![CDATA[0]]></helpinfo>
<masseditable>1</masseditable>
<summaryfield>0</summaryfield>
</field>
</fields>
</block>
<block>
<label>LBL_PRODUCT_INFORMATION</label>
<fields>
<field>
<fieldname>hdnGrandTotal</fieldname>
<uitype>72</uitype>
<columnname>total</columnname>
<tablename>vtiger_calculations</tablename>
<generatedtype>1</generatedtype>
<fieldlabel>Total</fieldlabel>
<readonly>1</readonly>
<presence>2</presence>
<defaultvalue></defaultvalue>
<sequence>13</sequence>
<maximumlength>100</maximumlength>
<typeofdata>NN~O</typeofdata>
<quickcreate>3</quickcreate>
<quickcreatesequence>0</quickcreatesequence>
<displaytype>3</displaytype>
<info_type>BAS</info_type>
<helpinfo><![CDATA[0]]></helpinfo>
<masseditable>1</masseditable>
<summaryfield>0</summaryfield>
</field>
<field>
<fieldname>total_purchase</fieldname>
<uitype>72</uitype>
<columnname>total_purchase</columnname>
<tablename>vtiger_calculations</tablename>
<generatedtype>1</generatedtype>
<fieldlabel>Total Purchase</fieldlabel>
<readonly>1</readonly>
<presence>2</presence>
<defaultvalue></defaultvalue>
<sequence>14</sequence>
<maximumlength>100</maximumlength>
<typeofdata>NN~O</typeofdata>
<quickcreate>4</quickcreate>
<quickcreatesequence>0</quickcreatesequence>
<displaytype>3</displaytype>
<info_type>BAS</info_type>
<helpinfo><![CDATA[0]]></helpinfo>
<masseditable>1</masseditable>
<summaryfield>0</summaryfield>
</field>
<field>
<fieldname>total_margin</fieldname>
<uitype>72</uitype>
<columnname>total_margin</columnname>
<tablename>vtiger_calculations</tablename>
<generatedtype>1</generatedtype>
<fieldlabel>Total margin</fieldlabel>
<readonly>1</readonly>
<presence>2</presence>
<defaultvalue></defaultvalue>
<sequence>15</sequence>
<maximumlength>100</maximumlength>
<typeofdata>NN~O</typeofdata>
<quickcreate>5</quickcreate>
<quickcreatesequence>0</quickcreatesequence>
<displaytype>3</displaytype>
<info_type>BAS</info_type>
<helpinfo><![CDATA[0]]></helpinfo>
<masseditable>1</masseditable>
<summaryfield>0</summaryfield>
</field>
<field>
<fieldname>total_marginp</fieldname>
<uitype>72</uitype>
<columnname>total_marginp</columnname>
<tablename>vtiger_calculations</tablename>
<generatedtype>1</generatedtype>
<fieldlabel>Total margin Percentage</fieldlabel>
<readonly>1</readonly>
<presence>2</presence>
<defaultvalue></defaultvalue>
<sequence>16</sequence>
<maximumlength>100</maximumlength>
<typeofdata>NN~O</typeofdata>
<quickcreate>6</quickcreate>
<quickcreatesequence>0</quickcreatesequence>
<displaytype>3</displaytype>
<info_type>BAS</info_type>
<helpinfo><![CDATA[0]]></helpinfo>
<masseditable>1</masseditable>
<summaryfield>0</summaryfield>
</field>
</fields>
</block>
</blocks>
<customviews>
<customview>
<viewname>All</viewname>
<setdefault>true</setdefault>
<setmetrics>false</setmetrics>
<fields>
<field>
<fieldname>calculations_no</fieldname>
<columnindex>0</columnindex>
</field>
<field>
<fieldname>name</fieldname>
<columnindex>1</columnindex>
</field>
<field>
<fieldname>assigned_user_id</fieldname>
<columnindex>2</columnindex>
</field>
<field>
<fieldname>relatedid</fieldname>
<columnindex>3</columnindex>
</field>
<field>
<fieldname>hdnGrandTotal</fieldname>
<columnindex>4</columnindex>
</field>
<field>
<fieldname>calculationsstatus</fieldname>
<columnindex>5</columnindex>
</field>
<field>
<fieldname>parentid</fieldname>
<columnindex>6</columnindex>
</field>
</fields>
</customview>
</customviews>
<sharingaccess>
<default>public_readwritedelete</default>
</sharingaccess>
<actions>
<action>
<name><![CDATA[Import]]></name>
<status>enabled</status>
</action>
<action>
<name><![CDATA[Export]]></name>
<status>enabled</status>
</action>
<action>
<name><![CDATA[DuplicatesHandling]]></name>
<status>enabled</status>
</action>
<action>
<name><![CDATA[CreateCustomFilter]]></name>
<status>enabled</status>
</action>
<action>
<name><![CDATA[DuplicateRecord]]></name>
<status>enabled</status>
</action>
</actions>
<relatedlists>
<relatedlist>
<function>get_attachments</function>
<label>Documents</label>
<sequence>1</sequence>
<presence>0</presence>
<actions>
<action>ADD</action>
<action>SELECT</action>
</actions>
<relatedmodule>Documents</relatedmodule>
</relatedlist>
<relatedlist>
<function>get_dependents_list</function>
<label>Calculations</label>
<sequence>2</sequence>
<presence>1</presence>
<actions>
<action>ADD</action>
</actions>
<relatedmodule>Calculations</relatedmodule>
</relatedlist>
<relatedlist>
<function>get_dependents_list</function>
<label>OSSTimeControl</label>
<sequence>3</sequence>
<presence>0</presence>
<actions>
<action>ADD</action>
</actions>
<relatedmodule>OSSTimeControl</relatedmodule>
</relatedlist>
<relatedlist>
<function>get_related_list</function>
<label>Quotes</label>
<sequence>4</sequence>
<presence>0</presence>
<actions>
<action> </action>
</actions>
<relatedmodule>Quotes</relatedmodule>
</relatedlist>
</relatedlists>
<customlinks>
<customlink>
<linktype>DETAILVIEWBASIC</linktype>
<linklabel>View History</linklabel>
<linkurl><![CDATA[javascript:ModTrackerCommon.showhistory('$RECORD$')]]></linkurl>
<linkicon><![CDATA[]]></linkicon>
<sequence>0</sequence>
<handler_path><![CDATA[]]></handler_path>
<handler_class><![CDATA[]]></handler_class>
<handler><![CDATA[]]></handler>
</customlink>
</customlinks>
<crons>
</crons>
</module>
