<?xml version='1.0'?>
<module>
<exporttime>2015-01-20 11:25:03</exporttime>
<name>CallHistory</name>
<label>CallHistory</label>
<parent>Databases</parent>
<dependencies>
<vtiger_version>1.1.25 RC</vtiger_version>
</dependencies>
<tables>
<table>
<name>vtiger_callhistory</name>
<sql><![CDATA[DROP TABLE]]></sql>
</table>
<table>
<name>vtiger_callhistorycf</name>
<sql><![CDATA[DROP TABLE]]></sql>
</table>
</tables>
<blocks>
<block>
<label>LBL_CALLHISTORY_INFORMATION</label>
<fields>
<field>
<fieldname>callhistorytype</fieldname>
<uitype>16</uitype>
<columnname>callhistorytype</columnname>
<tablename>vtiger_callhistory</tablename>
<generatedtype>1</generatedtype>
<fieldlabel>LBL_TYPE</fieldlabel>
<readonly>1</readonly>
<presence>2</presence>
<defaultvalue></defaultvalue>
<sequence>2</sequence>
<maximumlength>100</maximumlength>
<typeofdata>V~O</typeofdata>
<quickcreate>1</quickcreate>
<quickcreatesequence></quickcreatesequence>
<displaytype>1</displaytype>
<info_type>BAS</info_type>
<helpinfo><![CDATA[0]]></helpinfo>
<masseditable>1</masseditable>
<summaryfield>0</summaryfield>
<picklistvalues>
<picklistvalue>Outgoing missed</picklistvalue>
<picklistvalue>Outgoing received</picklistvalue>
<picklistvalue>Incoming</picklistvalue>
<picklistvalue>Missed</picklistvalue>
<picklistvalue>Voicemail</picklistvalue>
</picklistvalues>
</field>
<field>
<fieldname>from_number</fieldname>
<uitype>11</uitype>
<columnname>from_number</columnname>
<tablename>vtiger_callhistory</tablename>
<generatedtype>1</generatedtype>
<fieldlabel>LBL_FROM_NUMBER</fieldlabel>
<readonly>1</readonly>
<presence>2</presence>
<defaultvalue></defaultvalue>
<sequence>1</sequence>
<maximumlength>100</maximumlength>
<typeofdata>V~O</typeofdata>
<quickcreate>1</quickcreate>
<quickcreatesequence></quickcreatesequence>
<displaytype>1</displaytype>
<info_type>BAS</info_type>
<helpinfo><![CDATA[0]]></helpinfo>
<masseditable>1</masseditable>
<summaryfield>0</summaryfield>
</field>
<field>
<fieldname>to_number</fieldname>
<uitype>11</uitype>
<columnname>to_number</columnname>
<tablename>vtiger_callhistory</tablename>
<generatedtype>1</generatedtype>
<fieldlabel>LBL_TO_NUMBER</fieldlabel>
<readonly>1</readonly>
<presence>2</presence>
<defaultvalue></defaultvalue>
<sequence>3</sequence>
<maximumlength>100</maximumlength>
<typeofdata>V~O</typeofdata>
<quickcreate>1</quickcreate>
<quickcreatesequence></quickcreatesequence>
<displaytype>1</displaytype>
<info_type>BAS</info_type>
<helpinfo><![CDATA[0]]></helpinfo>
<masseditable>1</masseditable>
<summaryfield>0</summaryfield>
<entityidentifier>
<entityidfield>callhistoryid</entityidfield>
<entityidcolumn>callhistoryid</entityidcolumn>
</entityidentifier>
</field>
<field>
<fieldname>location</fieldname>
<uitype>1</uitype>
<columnname>location</columnname>
<tablename>vtiger_callhistory</tablename>
<generatedtype>1</generatedtype>
<fieldlabel>LBL_LOCATION</fieldlabel>
<readonly>1</readonly>
<presence>2</presence>
<defaultvalue></defaultvalue>
<sequence>9</sequence>
<maximumlength>100</maximumlength>
<typeofdata>V~O</typeofdata>
<quickcreate>1</quickcreate>
<quickcreatesequence></quickcreatesequence>
<displaytype>1</displaytype>
<info_type>BAS</info_type>
<helpinfo><![CDATA[0]]></helpinfo>
<masseditable>1</masseditable>
<summaryfield>0</summaryfield>
</field>
<field>
<fieldname>phonecallid</fieldname>
<uitype>1</uitype>
<columnname>phonecallid</columnname>
<tablename>vtiger_callhistory</tablename>
<generatedtype>1</generatedtype>
<fieldlabel>LBL_PHONE_CALL_ID</fieldlabel>
<readonly>1</readonly>
<presence>2</presence>
<defaultvalue></defaultvalue>
<sequence>8</sequence>
<maximumlength>100</maximumlength>
<typeofdata>V~O</typeofdata>
<quickcreate>1</quickcreate>
<quickcreatesequence></quickcreatesequence>
<displaytype>1</displaytype>
<info_type>BAS</info_type>
<helpinfo><![CDATA[0]]></helpinfo>
<masseditable>1</masseditable>
<summaryfield>0</summaryfield>
</field>
<field>
<fieldname>duration</fieldname>
<uitype>7</uitype>
<columnname>duration</columnname>
<tablename>vtiger_callhistory</tablename>
<generatedtype>1</generatedtype>
<fieldlabel>LBL_DURATION</fieldlabel>
<readonly>1</readonly>
<presence>2</presence>
<defaultvalue></defaultvalue>
<sequence>7</sequence>
<maximumlength>100</maximumlength>
<typeofdata>I~O</typeofdata>
<quickcreate>1</quickcreate>
<quickcreatesequence></quickcreatesequence>
<displaytype>1</displaytype>
<info_type>BAS</info_type>
<helpinfo><![CDATA[0]]></helpinfo>
<masseditable>1</masseditable>
<summaryfield>0</summaryfield>
</field>
<field>
<fieldname>start_time</fieldname>
<uitype>70</uitype>
<columnname>start_time</columnname>
<tablename>vtiger_callhistory</tablename>
<generatedtype>1</generatedtype>
<fieldlabel>LBL_START_TIME</fieldlabel>
<readonly>1</readonly>
<presence>2</presence>
<defaultvalue></defaultvalue>
<sequence>5</sequence>
<maximumlength>100</maximumlength>
<typeofdata>V~O</typeofdata>
<quickcreate>1</quickcreate>
<quickcreatesequence></quickcreatesequence>
<displaytype>1</displaytype>
<info_type>BAS</info_type>
<helpinfo><![CDATA[0]]></helpinfo>
<masseditable>0</masseditable>
<summaryfield>0</summaryfield>
</field>
<field>
<fieldname>end_time</fieldname>
<uitype>70</uitype>
<columnname>end_time</columnname>
<tablename>vtiger_callhistory</tablename>
<generatedtype>1</generatedtype>
<fieldlabel>LBL_END_TIME</fieldlabel>
<readonly>1</readonly>
<presence>2</presence>
<defaultvalue></defaultvalue>
<sequence>6</sequence>
<maximumlength>100</maximumlength>
<typeofdata>V~O</typeofdata>
<quickcreate>1</quickcreate>
<quickcreatesequence></quickcreatesequence>
<displaytype>1</displaytype>
<info_type>BAS</info_type>
<helpinfo><![CDATA[0]]></helpinfo>
<masseditable>0</masseditable>
<summaryfield>0</summaryfield>
</field>
<field>
<fieldname>country</fieldname>
<uitype>1</uitype>
<columnname>country</columnname>
<tablename>vtiger_callhistory</tablename>
<generatedtype>1</generatedtype>
<fieldlabel>LBL_COUNTRY_CODE</fieldlabel>
<readonly>1</readonly>
<presence>2</presence>
<defaultvalue></defaultvalue>
<sequence>10</sequence>
<maximumlength>100</maximumlength>
<typeofdata>V~O</typeofdata>
<quickcreate>1</quickcreate>
<quickcreatesequence></quickcreatesequence>
<displaytype>1</displaytype>
<info_type>BAS</info_type>
<helpinfo><![CDATA[0]]></helpinfo>
<masseditable>1</masseditable>
<summaryfield>0</summaryfield>
</field>
</fields>
</block>
<block>
<label>LBL_CUSTOM_INFORMATION</label>
<fields>
<field>
<fieldname>assigned_user_id</fieldname>
<uitype>53</uitype>
<columnname>smownerid</columnname>
<tablename>vtiger_crmentity</tablename>
<generatedtype>1</generatedtype>
<fieldlabel>Assigned To</fieldlabel>
<readonly>1</readonly>
<presence>2</presence>
<defaultvalue></defaultvalue>
<sequence>3</sequence>
<maximumlength>100</maximumlength>
<typeofdata>V~M</typeofdata>
<quickcreate>1</quickcreate>
<quickcreatesequence></quickcreatesequence>
<displaytype>1</displaytype>
<info_type>BAS</info_type>
<helpinfo><![CDATA[0]]></helpinfo>
<masseditable>1</masseditable>
<summaryfield>0</summaryfield>
</field>
<field>
<fieldname>createdtime</fieldname>
<uitype>70</uitype>
<columnname>createdtime</columnname>
<tablename>vtiger_crmentity</tablename>
<generatedtype>1</generatedtype>
<fieldlabel>Created Time</fieldlabel>
<readonly>1</readonly>
<presence>2</presence>
<defaultvalue></defaultvalue>
<sequence>1</sequence>
<maximumlength>100</maximumlength>
<typeofdata>DT~O</typeofdata>
<quickcreate>1</quickcreate>
<quickcreatesequence></quickcreatesequence>
<displaytype>2</displaytype>
<info_type>BAS</info_type>
<helpinfo><![CDATA[0]]></helpinfo>
<masseditable>0</masseditable>
<summaryfield>0</summaryfield>
</field>
<field>
<fieldname>modifiedtime</fieldname>
<uitype>70</uitype>
<columnname>modifiedtime</columnname>
<tablename>vtiger_crmentity</tablename>
<generatedtype>1</generatedtype>
<fieldlabel>Modified Time</fieldlabel>
<readonly>1</readonly>
<presence>2</presence>
<defaultvalue></defaultvalue>
<sequence>2</sequence>
<maximumlength>100</maximumlength>
<typeofdata>DT~O</typeofdata>
<quickcreate>1</quickcreate>
<quickcreatesequence></quickcreatesequence>
<displaytype>2</displaytype>
<info_type>BAS</info_type>
<helpinfo><![CDATA[0]]></helpinfo>
<masseditable>0</masseditable>
<summaryfield>0</summaryfield>
</field>
</fields>
</block>
<block>
<label>LBL_PHONE_INFORMATION</label>
<fields>
<field>
<fieldname>imei</fieldname>
<uitype>1</uitype>
<columnname>imei</columnname>
<tablename>vtiger_callhistory</tablename>
<generatedtype>1</generatedtype>
<fieldlabel>LBL_IMEI</fieldlabel>
<readonly>1</readonly>
<presence>2</presence>
<defaultvalue></defaultvalue>
<sequence>1</sequence>
<maximumlength>100</maximumlength>
<typeofdata>V~O</typeofdata>
<quickcreate>1</quickcreate>
<quickcreatesequence></quickcreatesequence>
<displaytype>1</displaytype>
<info_type>BAS</info_type>
<helpinfo><![CDATA[0]]></helpinfo>
<masseditable>1</masseditable>
<summaryfield>0</summaryfield>
</field>
<field>
<fieldname>ipAddress</fieldname>
<uitype>1</uitype>
<columnname>ipaddress</columnname>
<tablename>vtiger_callhistory</tablename>
<generatedtype>1</generatedtype>
<fieldlabel>LBL_IPADDRESS</fieldlabel>
<readonly>1</readonly>
<presence>2</presence>
<defaultvalue></defaultvalue>
<sequence>4</sequence>
<maximumlength>100</maximumlength>
<typeofdata>V~O</typeofdata>
<quickcreate>1</quickcreate>
<quickcreatesequence></quickcreatesequence>
<displaytype>1</displaytype>
<info_type>BAS</info_type>
<helpinfo><![CDATA[0]]></helpinfo>
<masseditable>1</masseditable>
<summaryfield>0</summaryfield>
</field>
<field>
<fieldname>simSerial</fieldname>
<uitype>1</uitype>
<columnname>simserial</columnname>
<tablename>vtiger_callhistory</tablename>
<generatedtype>1</generatedtype>
<fieldlabel>LBL_SIMSERIAL</fieldlabel>
<readonly>1</readonly>
<presence>2</presence>
<defaultvalue></defaultvalue>
<sequence>3</sequence>
<maximumlength>100</maximumlength>
<typeofdata>V~O</typeofdata>
<quickcreate>1</quickcreate>
<quickcreatesequence></quickcreatesequence>
<displaytype>1</displaytype>
<info_type>BAS</info_type>
<helpinfo><![CDATA[0]]></helpinfo>
<masseditable>1</masseditable>
<summaryfield>0</summaryfield>
</field>
<field>
<fieldname>subscriberId</fieldname>
<uitype>1</uitype>
<columnname>subscriberid</columnname>
<tablename>vtiger_callhistory</tablename>
<generatedtype>1</generatedtype>
<fieldlabel>LBL_SUBSCRIBERID</fieldlabel>
<readonly>1</readonly>
<presence>2</presence>
<defaultvalue></defaultvalue>
<sequence>2</sequence>
<maximumlength>100</maximumlength>
<typeofdata>V~O</typeofdata>
<quickcreate>1</quickcreate>
<quickcreatesequence></quickcreatesequence>
<displaytype>1</displaytype>
<info_type>BAS</info_type>
<helpinfo><![CDATA[0]]></helpinfo>
<masseditable>1</masseditable>
<summaryfield>0</summaryfield>
</field>
</fields>
</block>
<block>
<label>LBL_RELATED_INFORMATION</label>
<fields>
<field>
<fieldname>destination</fieldname>
<uitype>10</uitype>
<columnname>destination</columnname>
<tablename>vtiger_callhistory</tablename>
<generatedtype>1</generatedtype>
<fieldlabel>LBL_DESTINATION</fieldlabel>
<readonly>1</readonly>
<presence>2</presence>
<defaultvalue></defaultvalue>
<sequence>1</sequence>
<maximumlength>100</maximumlength>
<typeofdata>V~O</typeofdata>
<quickcreate>1</quickcreate>
<quickcreatesequence></quickcreatesequence>
<displaytype>1</displaytype>
<info_type>BAS</info_type>
<helpinfo><![CDATA[0]]></helpinfo>
<masseditable>1</masseditable>
<summaryfield>0</summaryfield>
<relatedmodules>
<relatedmodule>Contacts</relatedmodule>
<relatedmodule>Accounts</relatedmodule>
<relatedmodule>Leads</relatedmodule>
<relatedmodule>Vendors</relatedmodule>
<relatedmodule>OSSEmployees</relatedmodule>
</relatedmodules>
</field>
<field>
<fieldname>source</fieldname>
<uitype>10</uitype>
<columnname>source</columnname>
<tablename>vtiger_callhistory</tablename>
<generatedtype>1</generatedtype>
<fieldlabel>LBL_SOURCE</fieldlabel>
<readonly>1</readonly>
<presence>2</presence>
<defaultvalue></defaultvalue>
<sequence>2</sequence>
<maximumlength>100</maximumlength>
<typeofdata>V~O</typeofdata>
<quickcreate>1</quickcreate>
<quickcreatesequence></quickcreatesequence>
<displaytype>1</displaytype>
<info_type>BAS</info_type>
<helpinfo><![CDATA[0]]></helpinfo>
<masseditable>1</masseditable>
<summaryfield>0</summaryfield>
<relatedmodules>
<relatedmodule>Potentials</relatedmodule>
<relatedmodule>HelpDesk</relatedmodule>
</relatedmodules>
</field>
</fields>
</block>
</blocks>
<customviews>
<customview>
<viewname>All</viewname>
<setdefault>true</setdefault>
<setmetrics>false</setmetrics>
<fields>
<field>
<fieldname>from_number</fieldname>
<columnindex>0</columnindex>
</field>
<field>
<fieldname>to_number</fieldname>
<columnindex>1</columnindex>
</field>
<field>
<fieldname>duration</fieldname>
<columnindex>2</columnindex>
</field>
<field>
<fieldname>start_time</fieldname>
<columnindex>4</columnindex>
</field>
</fields>
</customview>
</customviews>
<sharingaccess>
<default>public_readwritedelete</default>
</sharingaccess>
<actions>
<action>
<name><![CDATA[Import]]></name>
<status>enabled</status>
</action>
<action>
<name><![CDATA[Export]]></name>
<status>enabled</status>
</action>
<action>
<name><![CDATA[Merge]]></name>
<status>enabled</status>
</action>
</actions>
<crons>
</crons>
</module>
