<?xml version='1.0'?>
<module>
<exporttime>2015-02-12 08:38:52</exporttime>
<name>Ideas</name>
<label>Ideas</label>
<parent>Group Card</parent>
<dependencies>
<vtiger_version>1.2.100 RC</vtiger_version>
</dependencies>
<tables>
<table>
<name>vtiger_ideas</name>
<sql><![CDATA[CREATE TABLE `vtiger_ideas` (
  `ideasid` int(19) NOT NULL DEFAULT '0',
  `ideas_no` varchar(255) DEFAULT NULL,
  `subject` varchar(255) DEFAULT NULL,
  `ideasstatus` varchar(255) DEFAULT '',
  `extent_description` text,
  PRIMARY KEY (`ideasid`),
  CONSTRAINT `fk_1_vtiger_ideas` FOREIGN KEY (`ideasid`) REFERENCES `vtiger_crmentity` (`crmid`) ON DELETE CASCADE
) ENGINE=InnoDB DEFAULT CHARSET=utf8]]></sql>
</table>
<table>
<name>vtiger_ideascf</name>
<sql><![CDATA[CREATE TABLE `vtiger_ideascf` (
  `ideasid` int(19) NOT NULL,
  PRIMARY KEY (`ideasid`),
  CONSTRAINT `fk_1_vtiger_ideascf` FOREIGN KEY (`ideasid`) REFERENCES `vtiger_ideas` (`ideasid`) ON DELETE CASCADE
) ENGINE=InnoDB DEFAULT CHARSET=utf8]]></sql>
</table>
</tables>
<blocks>
<block>
<label>LBL_IDEAS_INFORMATION</label>
<sequence>1</sequence>
<show_title>0</show_title>
<visible>0</visible>
<create_view>0</create_view>
<edit_view>0</edit_view>
<detail_view>0</detail_view>
<display_status>1</display_status>
<iscustom>0</iscustom>
<islist></islist>
<fields>
<field>
<fieldname>subject</fieldname>
<uitype>2</uitype>
<columnname>subject</columnname>
<columntype>varchar(255)</columntype>
<tablename>vtiger_ideas</tablename>
<generatedtype>1</generatedtype>
<fieldlabel>LBL_SUBJECT</fieldlabel>
<readonly>1</readonly>
<presence>2</presence>
<defaultvalue></defaultvalue>
<sequence>1</sequence>
<maximumlength>100</maximumlength>
<typeofdata>V~M</typeofdata>
<quickcreate>1</quickcreate>
<quickcreatesequence></quickcreatesequence>
<displaytype>1</displaytype>
<info_type>BAS</info_type>
<fieldparams></fieldparams>
<helpinfo><![CDATA[0]]></helpinfo>
<masseditable>1</masseditable>
<summaryfield>0</summaryfield>
<entityidentifier>
<entityidfield>ideasid</entityidfield>
<entityidcolumn>ideasid</entityidcolumn>
</entityidentifier>
</field>
<field>
<fieldname>ideas_no</fieldname>
<uitype>4</uitype>
<columnname>ideas_no</columnname>
<columntype>varchar(255)</columntype>
<tablename>vtiger_ideas</tablename>
<generatedtype>1</generatedtype>
<fieldlabel>LBL_NO</fieldlabel>
<readonly>1</readonly>
<presence>2</presence>
<defaultvalue></defaultvalue>
<sequence>2</sequence>
<maximumlength>100</maximumlength>
<typeofdata>V~O</typeofdata>
<quickcreate>1</quickcreate>
<quickcreatesequence></quickcreatesequence>
<displaytype>3</displaytype>
<info_type>BAS</info_type>
<fieldparams></fieldparams>
<helpinfo><![CDATA[0]]></helpinfo>
<masseditable>1</masseditable>
<summaryfield>1</summaryfield>
</field>
<field>
<fieldname>ideasstatus</fieldname>
<uitype>15</uitype>
<columnname>ideasstatus</columnname>
<columntype>varchar(255)</columntype>
<tablename>vtiger_ideas</tablename>
<generatedtype>2</generatedtype>
<fieldlabel>LBL_STATUS</fieldlabel>
<readonly>1</readonly>
<presence>2</presence>
<defaultvalue></defaultvalue>
<sequence>3</sequence>
<maximumlength>100</maximumlength>
<typeofdata>V~O</typeofdata>
<quickcreate>1</quickcreate>
<quickcreatesequence></quickcreatesequence>
<displaytype>1</displaytype>
<info_type>BAS</info_type>
<fieldparams></fieldparams>
<helpinfo><![CDATA[0]]></helpinfo>
<masseditable>1</masseditable>
<summaryfield>1</summaryfield>
<picklistvalues>
<picklistvalue>Draft</picklistvalue>
<picklistvalue>Proposition</picklistvalue>
</picklistvalues>
</field>
<field>
<fieldname>assigned_user_id</fieldname>
<uitype>53</uitype>
<columnname>smownerid</columnname>
<columntype>int(19)</columntype>
<tablename>vtiger_crmentity</tablename>
<generatedtype>1</generatedtype>
<fieldlabel>Assigned To</fieldlabel>
<readonly>1</readonly>
<presence>2</presence>
<defaultvalue></defaultvalue>
<sequence>4</sequence>
<maximumlength>100</maximumlength>
<typeofdata>V~M</typeofdata>
<quickcreate>1</quickcreate>
<quickcreatesequence></quickcreatesequence>
<displaytype>1</displaytype>
<info_type>BAS</info_type>
<fieldparams></fieldparams>
<helpinfo><![CDATA[0]]></helpinfo>
<masseditable>1</masseditable>
<summaryfield>0</summaryfield>
</field>
<field>
<fieldname>createdtime</fieldname>
<uitype>70</uitype>
<columnname>createdtime</columnname>
<columntype>datetime</columntype>
<tablename>vtiger_crmentity</tablename>
<generatedtype>1</generatedtype>
<fieldlabel>Created Time</fieldlabel>
<readonly>1</readonly>
<presence>2</presence>
<defaultvalue></defaultvalue>
<sequence>5</sequence>
<maximumlength>100</maximumlength>
<typeofdata>DT~O</typeofdata>
<quickcreate>1</quickcreate>
<quickcreatesequence></quickcreatesequence>
<displaytype>2</displaytype>
<info_type>BAS</info_type>
<fieldparams></fieldparams>
<helpinfo><![CDATA[0]]></helpinfo>
<masseditable>1</masseditable>
<summaryfield>0</summaryfield>
</field>
<field>
<fieldname>modifiedtime</fieldname>
<uitype>70</uitype>
<columnname>modifiedtime</columnname>
<columntype>datetime</columntype>
<tablename>vtiger_crmentity</tablename>
<generatedtype>1</generatedtype>
<fieldlabel>Modified Time</fieldlabel>
<readonly>1</readonly>
<presence>2</presence>
<defaultvalue></defaultvalue>
<sequence>6</sequence>
<maximumlength>100</maximumlength>
<typeofdata>DT~O</typeofdata>
<quickcreate>1</quickcreate>
<quickcreatesequence></quickcreatesequence>
<displaytype>2</displaytype>
<info_type>BAS</info_type>
<fieldparams></fieldparams>
<helpinfo><![CDATA[0]]></helpinfo>
<masseditable>1</masseditable>
<summaryfield>0</summaryfield>
</field>
<field>
<fieldname>closedtime</fieldname>
<uitype>70</uitype>
<columnname>closedtime</columnname>
<columntype>datetime</columntype>
<tablename>vtiger_crmentity</tablename>
<generatedtype>1</generatedtype>
<fieldlabel>Closed Time</fieldlabel>
<readonly>1</readonly>
<presence>2</presence>
<defaultvalue></defaultvalue>
<sequence>7</sequence>
<maximumlength>100</maximumlength>
<typeofdata>DT~O</typeofdata>
<quickcreate>1</quickcreate>
<quickcreatesequence></quickcreatesequence>
<displaytype>2</displaytype>
<info_type>BAS</info_type>
<fieldparams></fieldparams>
<helpinfo><![CDATA[0]]></helpinfo>
<masseditable>1</masseditable>
<summaryfield>0</summaryfield>
</field>
<field>
<fieldname>was_read</fieldname>
<uitype>56</uitype>
<columnname>was_read</columnname>
<columntype>tinyint(1)</columntype>
<tablename>vtiger_crmentity</tablename>
<generatedtype>1</generatedtype>
<fieldlabel>Was read</fieldlabel>
<readonly>1</readonly>
<presence>8</presence>
<defaultvalue></defaultvalue>
<sequence>14</sequence>
<maximumlength>100</maximumlength>
<typeofdata>C~O</typeofdata>
<quickcreate>1</quickcreate>
<quickcreatesequence></quickcreatesequence>
<displaytype>2</displaytype>
<info_type>BAS</info_type>
<fieldparams></fieldparams>
<helpinfo><![CDATA[0]]></helpinfo>
<masseditable>1</masseditable>
<summaryfield>0</summaryfield>
</field>
</fields>
</block>
<block>
<label>LBL_SHARING_INFORMATION</label>
<sequence>2</sequence>
<show_title>0</show_title>
<visible>0</visible>
<create_view>0</create_view>
<edit_view>0</edit_view>
<detail_view>0</detail_view>
<display_status>1</display_status>
<iscustom>0</iscustom>
<islist></islist>
<fields>
<field>
<fieldname>inheritsharing</fieldname>
<uitype>56</uitype>
<columnname>inheritsharing</columnname>
<columntype>tinyint(1)</columntype>
<tablename>vtiger_crmentity</tablename>
<generatedtype>1</generatedtype>
<fieldlabel>Copy permissions automatically</fieldlabel>
<readonly>1</readonly>
<presence>2</presence>
<defaultvalue></defaultvalue>
<sequence>1</sequence>
<maximumlength>100</maximumlength>
<typeofdata>C~O</typeofdata>
<quickcreate>1</quickcreate>
<quickcreatesequence></quickcreatesequence>
<displaytype>1</displaytype>
<info_type>BAS</info_type>
<fieldparams></fieldparams>
<helpinfo><![CDATA[0]]></helpinfo>
<masseditable>1</masseditable>
<summaryfield>0</summaryfield>
</field>
<field>
<fieldname>shownerid</fieldname>
<uitype>120</uitype>
<columnname>shownerid</columnname>
<columntype>set(&#039;1&#039;)</columntype>
<tablename>vtiger_crmentity</tablename>
<generatedtype>1</generatedtype>
<fieldlabel>Share with users</fieldlabel>
<readonly>1</readonly>
<presence>2</presence>
<defaultvalue></defaultvalue>
<sequence>2</sequence>
<maximumlength>100</maximumlength>
<typeofdata>V~O</typeofdata>
<quickcreate>1</quickcreate>
<quickcreatesequence></quickcreatesequence>
<displaytype>1</displaytype>
<info_type>BAS</info_type>
<fieldparams></fieldparams>
<helpinfo><![CDATA[0]]></helpinfo>
<masseditable>1</masseditable>
<summaryfield>0</summaryfield>
</field>
</fields>
</block>
<block>
<label>LBL_DESCRIPTION_INFORMATION</label>
<sequence>3</sequence>
<show_title>0</show_title>
<visible>0</visible>
<create_view>0</create_view>
<edit_view>0</edit_view>
<detail_view>0</detail_view>
<display_status>1</display_status>
<iscustom>0</iscustom>
<islist></islist>
<fields>
<field>
<fieldname>attention</fieldname>
<uitype>300</uitype>
<columnname>attention</columnname>
<columntype>text</columntype>
<tablename>vtiger_crmentity</tablename>
<generatedtype>2</generatedtype>
<fieldlabel>Attention</fieldlabel>
<readonly>1</readonly>
<presence>2</presence>
<defaultvalue></defaultvalue>
<sequence>3</sequence>
<maximumlength>100</maximumlength>
<typeofdata>V~O</typeofdata>
<quickcreate>1</quickcreate>
<quickcreatesequence></quickcreatesequence>
<displaytype>1</displaytype>
<info_type>BAS</info_type>
<fieldparams></fieldparams>
<helpinfo><![CDATA[0]]></helpinfo>
<masseditable>1</masseditable>
<summaryfield>0</summaryfield>
</field>
<field>
<fieldname>extent_description</fieldname>
<uitype>300</uitype>
<columnname>extent_description</columnname>
<columntype>text</columntype>
<tablename>vtiger_ideas</tablename>
<generatedtype>2</generatedtype>
<fieldlabel>LBL_EXTENT_DESCRIPTION</fieldlabel>
<readonly>1</readonly>
<presence>2</presence>
<defaultvalue></defaultvalue>
<sequence>2</sequence>
<maximumlength>100</maximumlength>
<typeofdata>V~O</typeofdata>
<quickcreate>1</quickcreate>
<quickcreatesequence></quickcreatesequence>
<displaytype>1</displaytype>
<info_type>BAS</info_type>
<fieldparams></fieldparams>
<helpinfo><![CDATA[0]]></helpinfo>
<masseditable>1</masseditable>
<summaryfield>0</summaryfield>
</field>
<field>
<fieldname>description</fieldname>
<uitype>300</uitype>
<columnname>description</columnname>
<columntype>text</columntype>
<tablename>vtiger_crmentity</tablename>
<generatedtype>2</generatedtype>
<fieldlabel>Description</fieldlabel>
<readonly>1</readonly>
<presence>2</presence>
<defaultvalue></defaultvalue>
<sequence>1</sequence>
<maximumlength>100</maximumlength>
<typeofdata>V~O</typeofdata>
<quickcreate>1</quickcreate>
<quickcreatesequence></quickcreatesequence>
<displaytype>1</displaytype>
<info_type>BAS</info_type>
<fieldparams></fieldparams>
<helpinfo><![CDATA[0]]></helpinfo>
<masseditable>1</masseditable>
<summaryfield>0</summaryfield>
</field>
</fields>
</block>
</blocks>
<customviews>
<customview>
<viewname>All</viewname>
<setdefault>true</setdefault>
<setmetrics>false</setmetrics>
<fields>
<field>
<fieldname>subject</fieldname>
<columnindex>0</columnindex>
</field>
<field>
<fieldname>ideas_no</fieldname>
<columnindex>1</columnindex>
</field>
<field>
<fieldname>ideasstatus</fieldname>
<columnindex>2</columnindex>
</field>
<field>
<fieldname>assigned_user_id</fieldname>
<columnindex>3</columnindex>
</field>
<field>
<fieldname>createdtime</fieldname>
<columnindex>4</columnindex>
</field>
<field>
<fieldname>modifiedtime</fieldname>
<columnindex>5</columnindex>
</field>
</fields>
</customview>
</customviews>
<sharingaccess>
<default>public_readwritedelete</default>
</sharingaccess>
<actions>
<action>
<name><![CDATA[Import]]></name>
<status>enabled</status>
</action>
<action>
<name><![CDATA[Export]]></name>
<status>enabled</status>
</action>
<action>
<name><![CDATA[Merge]]></name>
<status>enabled</status>
</action>
</actions>
<relatedlists>
<relatedlist>
<function>get_attachments</function>
<label>Documents</label>
<sequence>1</sequence>
<presence>0</presence>
<actions>
<action>ADD</action>
<action>SELECT</action>
</actions>
<relatedmodule>Documents</relatedmodule>
</relatedlist>
</relatedlists>
<customlinks>
<customlink>
<linktype>DETAILVIEWBASIC</linktype>
<linklabel>View History</linklabel>
<linkurl><![CDATA[javascript:ModTrackerCommon.showhistory('$RECORD$')]]></linkurl>
<linkicon><![CDATA[]]></linkicon>
<sequence>0</sequence>
<handler_path><![CDATA[]]></handler_path>
<handler_class><![CDATA[]]></handler_class>
<handler><![CDATA[]]></handler>
</customlink>
<customlink>
<linktype>DETAILVIEWWIDGET</linktype>
<linklabel>DetailViewBlockCommentWidget</linklabel>
<linkurl><![CDATA[block://ModComments:modules/ModComments/ModComments.php]]></linkurl>
<linkicon><![CDATA[]]></linkicon>
<sequence>1</sequence>
<handler_path><![CDATA[]]></handler_path>
<handler_class><![CDATA[]]></handler_class>
<handler><![CDATA[]]></handler>
</customlink>
</customlinks>
<crons>
</crons>
</module>
