<?xml version='1.0'?>
<module>
<exporttime>2014-12-03 14:35:12</exporttime>
<name>OSSCosts</name>
<label>OSSCosts</label>
<parent>Sales</parent>
<version>1.0.2</version>
<dependencies>
<vtiger_version>6.0.0rc</vtiger_version>
<vtiger_max_version>6.*</vtiger_max_version>
</dependencies>
<tables>
<table>
<name>vtiger_osscosts</name>
<sql><![CDATA[DROP TABLE]]></sql>
</table>
<table>
<name>vtiger_osscostscf</name>
<sql><![CDATA[DROP TABLE]]></sql>
</table>
</tables>
<blocks>
<block>
<label>LBL_INFORMATION</label>
<fields>
<field>
<fieldname>osscosts_no</fieldname>
<uitype>4</uitype>
<columnname>osscosts_no</columnname>
<tablename>vtiger_osscosts</tablename>
<generatedtype>1</generatedtype>
<fieldlabel>Costs_no</fieldlabel>
<readonly>1</readonly>
<presence>0</presence>
<defaultvalue></defaultvalue>
<sequence>0</sequence>
<maximumlength>100</maximumlength>
<typeofdata>V~O</typeofdata>
<quickcreate>3</quickcreate>
<quickcreatesequence>0</quickcreatesequence>
<displaytype>1</displaytype>
<info_type>BAS</info_type>
<helpinfo><![CDATA[0]]></helpinfo>
<masseditable>0</masseditable>
<summaryfield>0</summaryfield>
</field>
<field>
<fieldname>assigned_user_id</fieldname>
<uitype>53</uitype>
<columnname>smownerid</columnname>
<tablename>vtiger_crmentity</tablename>
<generatedtype>1</generatedtype>
<fieldlabel>Assigned To</fieldlabel>
<readonly>1</readonly>
<presence>0</presence>
<defaultvalue></defaultvalue>
<sequence>1</sequence>
<maximumlength>100</maximumlength>
<typeofdata>V~M</typeofdata>
<quickcreate>0</quickcreate>
<quickcreatesequence>1</quickcreatesequence>
<displaytype>1</displaytype>
<info_type>BAS</info_type>
<helpinfo><![CDATA[0]]></helpinfo>
<masseditable>1</masseditable>
<summaryfield>0</summaryfield>
</field>
<field>
<fieldname>name</fieldname>
<uitype>2</uitype>
<columnname>name</columnname>
<tablename>vtiger_osscosts</tablename>
<generatedtype>2</generatedtype>
<fieldlabel>Title</fieldlabel>
<readonly>1</readonly>
<presence>2</presence>
<defaultvalue></defaultvalue>
<sequence>2</sequence>
<maximumlength>100</maximumlength>
<typeofdata>V~M</typeofdata>
<quickcreate>1</quickcreate>
<quickcreatesequence></quickcreatesequence>
<displaytype>1</displaytype>
<info_type>BAS</info_type>
<helpinfo><![CDATA[0]]></helpinfo>
<masseditable>1</masseditable>
<summaryfield>0</summaryfield>
<entityidentifier>
<entityidfield>osscostsid</entityidfield>
<entityidcolumn>osscostsid</entityidcolumn>
</entityidentifier>
</field>
<field>
<fieldname>parentid</fieldname>
<uitype>10</uitype>
<columnname>parentid</columnname>
<tablename>vtiger_osscosts</tablename>
<generatedtype>1</generatedtype>
<fieldlabel>Parent ID</fieldlabel>
<readonly>1</readonly>
<presence>2</presence>
<defaultvalue></defaultvalue>
<sequence>3</sequence>
<maximumlength>200</maximumlength>
<typeofdata>V~O</typeofdata>
<quickcreate>2</quickcreate>
<quickcreatesequence>3</quickcreatesequence>
<displaytype>1</displaytype>
<info_type>BAS</info_type>
<helpinfo><![CDATA[0]]></helpinfo>
<masseditable>1</masseditable>
<summaryfield>0</summaryfield>
<relatedmodules>
<relatedmodule>OSSCosts</relatedmodule>
</relatedmodules>
</field>
<field>
<fieldname>potentialid</fieldname>
<uitype>10</uitype>
<columnname>potentialid</columnname>
<tablename>vtiger_osscosts</tablename>
<generatedtype>1</generatedtype>
<fieldlabel>Potential</fieldlabel>
<readonly>1</readonly>
<presence>2</presence>
<defaultvalue></defaultvalue>
<sequence>4</sequence>
<maximumlength>200</maximumlength>
<typeofdata>V~O</typeofdata>
<quickcreate>2</quickcreate>
<quickcreatesequence>4</quickcreatesequence>
<displaytype>1</displaytype>
<info_type>BAS</info_type>
<helpinfo><![CDATA[0]]></helpinfo>
<masseditable>1</masseditable>
<summaryfield>0</summaryfield>
<relatedmodules>
<relatedmodule>Potentials</relatedmodule>
</relatedmodules>
</field>
<field>
<fieldname>projectid</fieldname>
<uitype>10</uitype>
<columnname>projectid</columnname>
<tablename>vtiger_osscosts</tablename>
<generatedtype>1</generatedtype>
<fieldlabel>Project</fieldlabel>
<readonly>1</readonly>
<presence>2</presence>
<defaultvalue></defaultvalue>
<sequence>5</sequence>
<maximumlength>200</maximumlength>
<typeofdata>V~O</typeofdata>
<quickcreate>2</quickcreate>
<quickcreatesequence>5</quickcreatesequence>
<displaytype>1</displaytype>
<info_type>BAS</info_type>
<helpinfo><![CDATA[0]]></helpinfo>
<masseditable>1</masseditable>
<summaryfield>0</summaryfield>
<relatedmodules>
<relatedmodule>Project</relatedmodule>
</relatedmodules>
</field>
<field>
<fieldname>ticketid</fieldname>
<uitype>10</uitype>
<columnname>ticketid</columnname>
<tablename>vtiger_osscosts</tablename>
<generatedtype>1</generatedtype>
<fieldlabel>HelpDesk</fieldlabel>
<readonly>1</readonly>
<presence>2</presence>
<defaultvalue></defaultvalue>
<sequence>6</sequence>
<maximumlength>200</maximumlength>
<typeofdata>V~O</typeofdata>
<quickcreate>2</quickcreate>
<quickcreatesequence>6</quickcreatesequence>
<displaytype>1</displaytype>
<info_type>BAS</info_type>
<helpinfo><![CDATA[0]]></helpinfo>
<masseditable>1</masseditable>
<summaryfield>0</summaryfield>
<relatedmodules>
<relatedmodule>HelpDesk</relatedmodule>
</relatedmodules>
</field>
<field>
<fieldname>relategid</fieldname>
<uitype>10</uitype>
<columnname>relategid</columnname>
<tablename>vtiger_osscosts</tablename>
<generatedtype>1</generatedtype>
<fieldlabel>Related to</fieldlabel>
<readonly>1</readonly>
<presence>2</presence>
<defaultvalue></defaultvalue>
<sequence>7</sequence>
<maximumlength>200</maximumlength>
<typeofdata>V~O</typeofdata>
<quickcreate>2</quickcreate>
<quickcreatesequence>7</quickcreatesequence>
<displaytype>1</displaytype>
<info_type>BAS</info_type>
<helpinfo><![CDATA[0]]></helpinfo>
<masseditable>1</masseditable>
<summaryfield>0</summaryfield>
<relatedmodules>
<relatedmodule>Accounts</relatedmodule>
<relatedmodule>Contacts</relatedmodule>
<relatedmodule>Vendors</relatedmodule>
</relatedmodules>
</field>
</fields>
</block>
<block>
<label>LBL_ADDRESS_INFORMATION</label>
<fields>
<field>
<fieldname>street</fieldname>
<uitype>21</uitype>
<columnname>street</columnname>
<tablename>vtiger_osscosts</tablename>
<generatedtype>1</generatedtype>
<fieldlabel>Street</fieldlabel>
<readonly>1</readonly>
<presence>2</presence>
<defaultvalue></defaultvalue>
<sequence>1</sequence>
<maximumlength>100</maximumlength>
<typeofdata>V~O</typeofdata>
<quickcreate>1</quickcreate>
<quickcreatesequence></quickcreatesequence>
<displaytype>1</displaytype>
<info_type>BAS</info_type>
<helpinfo><![CDATA[0]]></helpinfo>
<masseditable>1</masseditable>
<summaryfield>0</summaryfield>
</field>
<field>
<fieldname>code</fieldname>
<uitype>1</uitype>
<columnname>code</columnname>
<tablename>vtiger_osscosts</tablename>
<generatedtype>1</generatedtype>
<fieldlabel>Postal Code</fieldlabel>
<readonly>1</readonly>
<presence>2</presence>
<defaultvalue></defaultvalue>
<sequence>3</sequence>
<maximumlength>100</maximumlength>
<typeofdata>V~O</typeofdata>
<quickcreate>1</quickcreate>
<quickcreatesequence></quickcreatesequence>
<displaytype>1</displaytype>
<info_type>BAS</info_type>
<helpinfo><![CDATA[0]]></helpinfo>
<masseditable>1</masseditable>
<summaryfield>0</summaryfield>
</field>
<field>
<fieldname>city</fieldname>
<uitype>1</uitype>
<columnname>city</columnname>
<tablename>vtiger_osscosts</tablename>
<generatedtype>1</generatedtype>
<fieldlabel>City</fieldlabel>
<readonly>1</readonly>
<presence>2</presence>
<defaultvalue></defaultvalue>
<sequence>4</sequence>
<maximumlength>100</maximumlength>
<typeofdata>V~O</typeofdata>
<quickcreate>1</quickcreate>
<quickcreatesequence></quickcreatesequence>
<displaytype>1</displaytype>
<info_type>BAS</info_type>
<helpinfo><![CDATA[0]]></helpinfo>
<masseditable>1</masseditable>
<summaryfield>0</summaryfield>
</field>
<field>
<fieldname>country</fieldname>
<uitype>1</uitype>
<columnname>country</columnname>
<tablename>vtiger_osscosts</tablename>
<generatedtype>1</generatedtype>
<fieldlabel>Country</fieldlabel>
<readonly>1</readonly>
<presence>2</presence>
<defaultvalue></defaultvalue>
<sequence>5</sequence>
<maximumlength>100</maximumlength>
<typeofdata>V~O</typeofdata>
<quickcreate>1</quickcreate>
<quickcreatesequence></quickcreatesequence>
<displaytype>1</displaytype>
<info_type>BAS</info_type>
<helpinfo><![CDATA[0]]></helpinfo>
<masseditable>1</masseditable>
<summaryfield>0</summaryfield>
</field>
<field>
<fieldname>state</fieldname>
<uitype>1</uitype>
<columnname>state</columnname>
<tablename>vtiger_osscosts</tablename>
<generatedtype>1</generatedtype>
<fieldlabel>State</fieldlabel>
<readonly>1</readonly>
<presence>2</presence>
<defaultvalue></defaultvalue>
<sequence>6</sequence>
<maximumlength>100</maximumlength>
<typeofdata>V~O</typeofdata>
<quickcreate>1</quickcreate>
<quickcreatesequence></quickcreatesequence>
<displaytype>1</displaytype>
<info_type>BAS</info_type>
<helpinfo><![CDATA[0]]></helpinfo>
<masseditable>1</masseditable>
<summaryfield>0</summaryfield>
</field>
</fields>
</block>
<block>
<label>LBL_CUSTOM_INFORMATION</label>
<fields>
<field>
<fieldname>createdtime</fieldname>
<uitype>70</uitype>
<columnname>createdtime</columnname>
<tablename>vtiger_crmentity</tablename>
<generatedtype>1</generatedtype>
<fieldlabel>Created Time</fieldlabel>
<readonly>1</readonly>
<presence>0</presence>
<defaultvalue></defaultvalue>
<sequence>1</sequence>
<maximumlength>100</maximumlength>
<typeofdata>DT~O</typeofdata>
<quickcreate>3</quickcreate>
<quickcreatesequence>0</quickcreatesequence>
<displaytype>2</displaytype>
<info_type>BAS</info_type>
<helpinfo><![CDATA[0]]></helpinfo>
<masseditable>0</masseditable>
<summaryfield>0</summaryfield>
</field>
<field>
<fieldname>modifiedtime</fieldname>
<uitype>70</uitype>
<columnname>modifiedtime</columnname>
<tablename>vtiger_crmentity</tablename>
<generatedtype>1</generatedtype>
<fieldlabel>Modified Time</fieldlabel>
<readonly>1</readonly>
<presence>0</presence>
<defaultvalue></defaultvalue>
<sequence>2</sequence>
<maximumlength>100</maximumlength>
<typeofdata>DT~O</typeofdata>
<quickcreate>3</quickcreate>
<quickcreatesequence>0</quickcreatesequence>
<displaytype>2</displaytype>
<info_type>BAS</info_type>
<helpinfo><![CDATA[0]]></helpinfo>
<masseditable>0</masseditable>
<summaryfield>0</summaryfield>
</field>
<field>
<fieldname>modifiedby</fieldname>
<uitype>52</uitype>
<columnname>modifiedby</columnname>
<tablename>vtiger_crmentity</tablename>
<generatedtype>1</generatedtype>
<fieldlabel>Last Modified By</fieldlabel>
<readonly>1</readonly>
<presence>0</presence>
<defaultvalue></defaultvalue>
<sequence>3</sequence>
<maximumlength>100</maximumlength>
<typeofdata>V~O</typeofdata>
<quickcreate>3</quickcreate>
<quickcreatesequence>0</quickcreatesequence>
<displaytype>3</displaytype>
<info_type>BAS</info_type>
<helpinfo><![CDATA[0]]></helpinfo>
<masseditable>0</masseditable>
<summaryfield>0</summaryfield>
</field>
<field>
<fieldname>total_purchase</fieldname>
<uitype>7</uitype>
<columnname>total_purchase</columnname>
<tablename>vtiger_osscosts</tablename>
<generatedtype>1</generatedtype>
<fieldlabel>Total Purchase</fieldlabel>
<readonly>1</readonly>
<presence>2</presence>
<defaultvalue></defaultvalue>
<sequence>4</sequence>
<maximumlength>100</maximumlength>
<typeofdata>NN~O</typeofdata>
<quickcreate>1</quickcreate>
<quickcreatesequence></quickcreatesequence>
<displaytype>1</displaytype>
<info_type>BAS</info_type>
<helpinfo><![CDATA[0]]></helpinfo>
<masseditable>1</masseditable>
<summaryfield>0</summaryfield>
</field>
<field>
<fieldname>total_margin</fieldname>
<uitype>7</uitype>
<columnname>total_margin</columnname>
<tablename>vtiger_osscosts</tablename>
<generatedtype>1</generatedtype>
<fieldlabel>Total margin</fieldlabel>
<readonly>1</readonly>
<presence>2</presence>
<defaultvalue></defaultvalue>
<sequence>5</sequence>
<maximumlength>100</maximumlength>
<typeofdata>NN~O</typeofdata>
<quickcreate>1</quickcreate>
<quickcreatesequence></quickcreatesequence>
<displaytype>1</displaytype>
<info_type>BAS</info_type>
<helpinfo><![CDATA[0]]></helpinfo>
<masseditable>1</masseditable>
<summaryfield>0</summaryfield>
</field>
<field>
<fieldname>total_marginp</fieldname>
<uitype>7</uitype>
<columnname>total_marginp</columnname>
<tablename>vtiger_osscosts</tablename>
<generatedtype>1</generatedtype>
<fieldlabel>Total margin Percentage</fieldlabel>
<readonly>1</readonly>
<presence>2</presence>
<defaultvalue></defaultvalue>
<sequence>6</sequence>
<maximumlength>100</maximumlength>
<typeofdata>NN~O</typeofdata>
<quickcreate>1</quickcreate>
<quickcreatesequence></quickcreatesequence>
<displaytype>1</displaytype>
<info_type>BAS</info_type>
<helpinfo><![CDATA[0]]></helpinfo>
<masseditable>1</masseditable>
<summaryfield>0</summaryfield>
</field>
</fields>
</block>
<block>
<label>LBL_DESCRIPTION_INFORMATION</label>
<fields>
<field>
<fieldname>description</fieldname>
<uitype>300</uitype>
<columnname>description</columnname>
<tablename>vtiger_crmentity</tablename>
<generatedtype>1</generatedtype>
<fieldlabel>Description</fieldlabel>
<readonly>1</readonly>
<presence>2</presence>
<defaultvalue></defaultvalue>
<sequence>1</sequence>
<maximumlength>100</maximumlength>
<typeofdata>V~O</typeofdata>
<quickcreate>1</quickcreate>
<quickcreatesequence></quickcreatesequence>
<displaytype>1</displaytype>
<info_type>BAS</info_type>
<helpinfo><![CDATA[0]]></helpinfo>
<masseditable>1</masseditable>
<summaryfield>0</summaryfield>
</field>
<field>
<fieldname>attention</fieldname>
<uitype>300</uitype>
<columnname>attention</columnname>
<tablename>vtiger_crmentity</tablename>
<generatedtype>2</generatedtype>
<fieldlabel>Attention</fieldlabel>
<readonly>1</readonly>
<presence>2</presence>
<defaultvalue></defaultvalue>
<sequence>2</sequence>
<maximumlength>100</maximumlength>
<typeofdata>V~O</typeofdata>
<quickcreate>1</quickcreate>
<quickcreatesequence></quickcreatesequence>
<displaytype>1</displaytype>
<info_type>BAS</info_type>
<helpinfo><![CDATA[0]]></helpinfo>
<masseditable>1</masseditable>
<summaryfield>0</summaryfield>
</field>
</fields>
</block>
<block>
            <label>LBL_PRODUCT_INFORMATION</label>
            <fields>
				<field>
				<fieldname>hdnGrandTotal</fieldname>
				<uitype>72</uitype>
				<columnname>total</columnname>
				<tablename>vtiger_osscosts</tablename>
				<generatedtype>1</generatedtype>
				<fieldlabel>Total</fieldlabel>
				<readonly>1</readonly>
				<presence>2</presence>
				<defaultvalue></defaultvalue>
				<sequence>13</sequence>
				<maximumlength>100</maximumlength>
				<typeofdata>N~O</typeofdata>
				<quickcreate>3</quickcreate>
				<quickcreatesequence></quickcreatesequence>
				<displaytype>3</displaytype>
				<info_type>BAS</info_type>
				<helpinfo><![CDATA[]]></helpinfo>
				<masseditable>1</masseditable>
				</field>
				<field>
				<fieldname>hdnSubTotal</fieldname>
				<uitype>72</uitype>
				<columnname>subtotal</columnname>
				<tablename>vtiger_osscosts</tablename>
				<generatedtype>1</generatedtype>
				<fieldlabel>Sub Total</fieldlabel>
				<readonly>1</readonly>
				<presence>2</presence>
				<defaultvalue></defaultvalue>
				<sequence>14</sequence>
				<maximumlength>100</maximumlength>
				<typeofdata>N~O</typeofdata>
				<quickcreate>3</quickcreate>
				<quickcreatesequence></quickcreatesequence>
				<displaytype>3</displaytype>
				<info_type>BAS</info_type>
				<helpinfo><![CDATA[]]></helpinfo>
				<masseditable>1</masseditable>
				</field>
				<field>
				<fieldname>hdnTaxType</fieldname>
				<uitype>16</uitype>
				<columnname>taxtype</columnname>
				<tablename>vtiger_osscosts</tablename>
				<generatedtype>1</generatedtype>
				<fieldlabel>Tax Type</fieldlabel>
				<readonly>1</readonly>
				<presence>2</presence>
				<defaultvalue></defaultvalue>
				<sequence>14</sequence>
				<maximumlength>100</maximumlength>
				<typeofdata>V~O</typeofdata>
				<quickcreate>3</quickcreate>
				<quickcreatesequence></quickcreatesequence>
				<displaytype>3</displaytype>
				<info_type>BAS</info_type>
				<helpinfo><![CDATA[]]></helpinfo>
				<masseditable>1</masseditable>
				<picklistvalues>
				</picklistvalues>
				</field>
				<field>
				<fieldname>hdnDiscountPercent</fieldname>
				<uitype>1</uitype>
				<columnname>discount_percent</columnname>
				<tablename>vtiger_osscosts</tablename>
				<generatedtype>1</generatedtype>
				<fieldlabel>Discount Percent</fieldlabel>
				<readonly>1</readonly>
				<presence>2</presence>
				<defaultvalue></defaultvalue>
				<sequence>14</sequence>
				<maximumlength>100</maximumlength>
				<typeofdata>N~O</typeofdata>
				<quickcreate>3</quickcreate>
				<quickcreatesequence></quickcreatesequence>
				<displaytype>3</displaytype>
				<info_type>BAS</info_type>
				<helpinfo><![CDATA[]]></helpinfo>
				<masseditable>1</masseditable>
				</field>
				<field>
				<fieldname>hdnDiscountAmount</fieldname>
				<uitype>72</uitype>
				<columnname>discount_amount</columnname>
				<tablename>vtiger_osscosts</tablename>
				<generatedtype>1</generatedtype>
				<fieldlabel>Discount Amount</fieldlabel>
				<readonly>1</readonly>
				<presence>0</presence>
				<defaultvalue></defaultvalue>
				<sequence>14</sequence>
				<maximumlength>100</maximumlength>
				<typeofdata>N~O</typeofdata>
				<quickcreate>3</quickcreate>
				<quickcreatesequence></quickcreatesequence>
				<displaytype>3</displaytype>
				<info_type>BAS</info_type>
				<helpinfo><![CDATA[]]></helpinfo>
				<masseditable>1</masseditable>
				</field>
				<field>
				<fieldname>currency_id</fieldname>
				<uitype>117</uitype>
				<columnname>currency_id</columnname>
				<tablename>vtiger_osscosts</tablename>
				<generatedtype>1</generatedtype>
				<fieldlabel>Currency</fieldlabel>
				<readonly>1</readonly>
				<presence>2</presence>
				<defaultvalue>1</defaultvalue>
				<sequence>20</sequence>
				<maximumlength>100</maximumlength>
				<typeofdata>I~O</typeofdata>
				<quickcreate>3</quickcreate>
				<quickcreatesequence></quickcreatesequence>
				<displaytype>3</displaytype>
				<info_type>BAS</info_type>
				<helpinfo><![CDATA[]]></helpinfo>
				<masseditable>1</masseditable>
				</field>
				<field>
				<fieldname>conversion_rate</fieldname>
				<uitype>1</uitype>
				<columnname>conversion_rate</columnname>
				<tablename>vtiger_osscosts</tablename>
				<generatedtype>1</generatedtype>
				<fieldlabel>Conversion Rate</fieldlabel>
				<readonly>1</readonly>
				<presence>2</presence>
				<defaultvalue>1</defaultvalue>
				<sequence>21</sequence>
				<maximumlength>100</maximumlength>
				<typeofdata>N~O</typeofdata>
				<quickcreate>3</quickcreate>
				<quickcreatesequence></quickcreatesequence>
				<displaytype>3</displaytype>
				<info_type>BAS</info_type>
				<helpinfo><![CDATA[]]></helpinfo>
				<masseditable>1</masseditable>
				</field>
				<field>
				<fieldname>pre_tax_total</fieldname>
				<uitype>72</uitype>
				<columnname>pre_tax_total</columnname>
				<tablename>vtiger_osscosts</tablename>
				<generatedtype>1</generatedtype>
				<fieldlabel>Pre Tax Total</fieldlabel>
				<readonly>1</readonly>
				<presence>2</presence>
				<defaultvalue></defaultvalue>
				<sequence>23</sequence>
				<maximumlength>100</maximumlength>
				<typeofdata>N~O</typeofdata>
				<quickcreate>1</quickcreate>
				<quickcreatesequence></quickcreatesequence>
				<displaytype>3</displaytype>
				<info_type>BAS</info_type>
				<helpinfo><![CDATA[]]></helpinfo>
				<masseditable>1</masseditable>
				</field>
            </fields>
        </block>
</blocks>
<customviews>
<customview>
<viewname>All</viewname>
<setdefault>true</setdefault>
<setmetrics>false</setmetrics>
<fields>
<field>
<fieldname>osscosts_no</fieldname>
<columnindex>0</columnindex>
</field>
<field>
<fieldname>name</fieldname>
<columnindex>1</columnindex>
</field>
<field>
<fieldname>potentialid</fieldname>
<columnindex>2</columnindex>
</field>
<field>
<fieldname>projectid</fieldname>
<columnindex>3</columnindex>
</field>
<field>
<fieldname>ticketid</fieldname>
<columnindex>4</columnindex>
</field>
<field>
<fieldname>assigned_user_id</fieldname>
<columnindex>5</columnindex>
</field>
</fields>
</customview>
</customviews>
<sharingaccess>
<default>public_readwritedelete</default>
</sharingaccess>
<actions>
<action>
<name><![CDATA[Import]]></name>
<status>enabled</status>
</action>
<action>
<name><![CDATA[Export]]></name>
<status>enabled</status>
</action>
<action>
<name><![CDATA[DuplicatesHandling]]></name>
<status>enabled</status>
</action>
<action>
<name><![CDATA[CreateCustomFilter]]></name>
<status>enabled</status>
</action>
<action>
<name><![CDATA[DuplicateRecord]]></name>
<status>enabled</status>
</action>
</actions>
<relatedlists>
<relatedlist>
<function>get_attachments</function>
<label>Documents</label>
<sequence>1</sequence>
<presence>0</presence>
<actions>
<action>ADD</action>
<action>SELECT</action>
</actions>
<relatedmodule>Documents</relatedmodule>
</relatedlist>
</relatedlists>
<customlinks>
<customlink>
<linktype>DETAILVIEWBASIC</linktype>
<linklabel>View History</linklabel>
<linkurl><![CDATA[javascript:ModTrackerCommon.showhistory('$RECORD$')]]></linkurl>
<linkicon><![CDATA[]]></linkicon>
<sequence>0</sequence>
<handler_path><![CDATA[]]></handler_path>
<handler_class><![CDATA[]]></handler_class>
<handler><![CDATA[]]></handler>
</customlink>
</customlinks>
<crons>
</crons>
</module>
