<?xml version='1.0'?>
<module>
<exporttime>2015-02-05 05:58:29</exporttime>
<name>OSSEmployees</name>
<label>OSSEmployees</label>
<parent>Human resources</parent>
<version>1.0.1</version>
<dependencies>
<vtiger_version>6.0.0</vtiger_version>
<vtiger_max_version>6.*</vtiger_max_version>
</dependencies>
<tables>
<table>
<name>vtiger_ossemployees</name>
<sql><![CDATA[DROP TABLE]]></sql>
</table>
<table>
<name>vtiger_ossemployeescf</name>
<sql><![CDATA[DROP TABLE]]></sql>
</table>
</tables>
<blocks>
<block>
<label>LBL_INFORMATION</label>
<fields>
<field>
<fieldname>ossemployees_no</fieldname>
<uitype>4</uitype>
<columnname>ossemployees_no</columnname>
<tablename>vtiger_ossemployees</tablename>
<generatedtype>1</generatedtype>
<fieldlabel>No.</fieldlabel>
<readonly>1</readonly>
<presence>2</presence>
<defaultvalue></defaultvalue>
<sequence>1</sequence>
<maximumlength>100</maximumlength>
<typeofdata>V~O</typeofdata>
<quickcreate>1</quickcreate>
<quickcreatesequence></quickcreatesequence>
<displaytype>3</displaytype>
<info_type>BAS</info_type>
<helpinfo><![CDATA[0]]></helpinfo>
<masseditable>1</masseditable>
<summaryfield>1</summaryfield>
</field>
<field>
<fieldname>employee_status</fieldname>
<uitype>15</uitype>
<columnname>employee_status</columnname>
<tablename>vtiger_ossemployees</tablename>
<generatedtype>1</generatedtype>
<fieldlabel>LBL_EMPLOYEESTATUS</fieldlabel>
<readonly>1</readonly>
<presence>2</presence>
<defaultvalue></defaultvalue>
<sequence>2</sequence>
<maximumlength>100</maximumlength>
<typeofdata>V~O</typeofdata>
<quickcreate>0</quickcreate>
<quickcreatesequence>0</quickcreatesequence>
<displaytype>1</displaytype>
<info_type>BAS</info_type>
<helpinfo><![CDATA[0]]></helpinfo>
<masseditable>0</masseditable>
<summaryfield>1</summaryfield>
<picklistvalues>
<picklistvalue>Recruiting</picklistvalue>
<picklistvalue>Employee</picklistvalue>
<picklistvalue>Inactive</picklistvalue>
</picklistvalues>
</field>
<field>
<fieldname>parentid</fieldname>
<uitype>10</uitype>
<columnname>parentid</columnname>
<tablename>vtiger_ossemployees</tablename>
<generatedtype>1</generatedtype>
<fieldlabel>LBL_Member_Of</fieldlabel>
<readonly>1</readonly>
<presence>2</presence>
<defaultvalue></defaultvalue>
<sequence>3</sequence>
<maximumlength>100</maximumlength>
<typeofdata>I~O</typeofdata>
<quickcreate>1</quickcreate>
<quickcreatesequence></quickcreatesequence>
<displaytype>1</displaytype>
<info_type>BAS</info_type>
<helpinfo><![CDATA[0]]></helpinfo>
<masseditable>0</masseditable>
<summaryfield>1</summaryfield>
<relatedmodules>
<relatedmodule>OSSEmployees</relatedmodule>
</relatedmodules>
</field>
<field>
<fieldname>assigned_user_id</fieldname>
<uitype>53</uitype>
<columnname>smownerid</columnname>
<tablename>vtiger_crmentity</tablename>
<generatedtype>1</generatedtype>
<fieldlabel>Assigned To</fieldlabel>
<readonly>1</readonly>
<presence>2</presence>
<defaultvalue></defaultvalue>
<sequence>10</sequence>
<maximumlength>100</maximumlength>
<typeofdata>V~M</typeofdata>
<quickcreate>1</quickcreate>
<quickcreatesequence></quickcreatesequence>
<displaytype>1</displaytype>
<info_type>BAS</info_type>
<helpinfo><![CDATA[0]]></helpinfo>
<masseditable>1</masseditable>
<summaryfield>0</summaryfield>
</field>
<field>
<fieldname>name</fieldname>
<uitype>1</uitype>
<columnname>name</columnname>
<tablename>vtiger_ossemployees</tablename>
<generatedtype>1</generatedtype>
<fieldlabel>LBL_NAME</fieldlabel>
<readonly>0</readonly>
<presence>2</presence>
<defaultvalue></defaultvalue>
<sequence>4</sequence>
<maximumlength>100</maximumlength>
<typeofdata>V~M</typeofdata>
<quickcreate>0</quickcreate>
<quickcreatesequence>1</quickcreatesequence>
<displaytype>1</displaytype>
<info_type>BAS</info_type>
<helpinfo><![CDATA[0]]></helpinfo>
<masseditable>0</masseditable>
<summaryfield>1</summaryfield>
</field>
<field>
<fieldname>last_name</fieldname>
<uitype>1</uitype>
<columnname>last_name</columnname>
<tablename>vtiger_ossemployees</tablename>
<generatedtype>1</generatedtype>
<fieldlabel>LBL_LASTNAME</fieldlabel>
<readonly>0</readonly>
<presence>2</presence>
<defaultvalue></defaultvalue>
<sequence>5</sequence>
<maximumlength>100</maximumlength>
<typeofdata>V~M</typeofdata>
<quickcreate>0</quickcreate>
<quickcreatesequence>1</quickcreatesequence>
<displaytype>1</displaytype>
<info_type>BAS</info_type>
<helpinfo><![CDATA[0]]></helpinfo>
<masseditable>0</masseditable>
<summaryfield>1</summaryfield>
<entityidentifier>
<entityidfield>ossemployeesid</entityidfield>
<entityidcolumn>ossemployeesid</entityidcolumn>
</entityidentifier>
</field>
<field>
<fieldname>pesel</fieldname>
<uitype>1</uitype>
<columnname>pesel</columnname>
<tablename>vtiger_ossemployees</tablename>
<generatedtype>1</generatedtype>
<fieldlabel>LBL_PESEL</fieldlabel>
<readonly>0</readonly>
<presence>2</presence>
<defaultvalue></defaultvalue>
<sequence>6</sequence>
<maximumlength>100</maximumlength>
<typeofdata>V~O</typeofdata>
<quickcreate>0</quickcreate>
<quickcreatesequence>1</quickcreatesequence>
<displaytype>1</displaytype>
<info_type>BAS</info_type>
<helpinfo><![CDATA[0]]></helpinfo>
<masseditable>0</masseditable>
<summaryfield>1</summaryfield>
</field>
<field>
<fieldname>id_card</fieldname>
<uitype>1</uitype>
<columnname>id_card</columnname>
<tablename>vtiger_ossemployees</tablename>
<generatedtype>1</generatedtype>
<fieldlabel>LBL_IDCARD</fieldlabel>
<readonly>0</readonly>
<presence>2</presence>
<defaultvalue></defaultvalue>
<sequence>7</sequence>
<maximumlength>100</maximumlength>
<typeofdata>V~O</typeofdata>
<quickcreate>0</quickcreate>
<quickcreatesequence>1</quickcreatesequence>
<displaytype>1</displaytype>
<info_type>BAS</info_type>
<helpinfo><![CDATA[0]]></helpinfo>
<masseditable>0</masseditable>
<summaryfield>1</summaryfield>
</field>
<field>
<fieldname>employee_education</fieldname>
<uitype>15</uitype>
<columnname>employee_education</columnname>
<tablename>vtiger_ossemployees</tablename>
<generatedtype>1</generatedtype>
<fieldlabel>LBL_EDUCATION</fieldlabel>
<readonly>1</readonly>
<presence>2</presence>
<defaultvalue></defaultvalue>
<sequence>8</sequence>
<maximumlength>100</maximumlength>
<typeofdata>V~O</typeofdata>
<quickcreate>0</quickcreate>
<quickcreatesequence>0</quickcreatesequence>
<displaytype>1</displaytype>
<info_type>BAS</info_type>
<helpinfo><![CDATA[0]]></helpinfo>
<masseditable>0</masseditable>
<summaryfield>1</summaryfield>
<picklistvalues>
<picklistvalue>Primary</picklistvalue>
<picklistvalue>Secondary</picklistvalue>
<picklistvalue>Higher</picklistvalue>
</picklistvalues>
</field>
<field>
<fieldname>birth_date</fieldname>
<uitype>5</uitype>
<columnname>birth_date</columnname>
<tablename>vtiger_ossemployees</tablename>
<generatedtype>2</generatedtype>
<fieldlabel>LBL_BIRTHDATE</fieldlabel>
<readonly>1</readonly>
<presence>2</presence>
<defaultvalue></defaultvalue>
<sequence>9</sequence>
<maximumlength>100</maximumlength>
<typeofdata>D~O</typeofdata>
<quickcreate>2</quickcreate>
<quickcreatesequence>0</quickcreatesequence>
<displaytype>1</displaytype>
<info_type>BAS</info_type>
<helpinfo><![CDATA[0]]></helpinfo>
<masseditable>1</masseditable>
<summaryfield>0</summaryfield>
</field>
<field>
<fieldname>createdtime</fieldname>
<uitype>70</uitype>
<columnname>createdtime</columnname>
<tablename>vtiger_crmentity</tablename>
<generatedtype>1</generatedtype>
<fieldlabel>Created Time</fieldlabel>
<readonly>1</readonly>
<presence>0</presence>
<defaultvalue></defaultvalue>
<sequence>11</sequence>
<maximumlength>100</maximumlength>
<typeofdata>DT~O</typeofdata>
<quickcreate>3</quickcreate>
<quickcreatesequence>0</quickcreatesequence>
<displaytype>2</displaytype>
<info_type>BAS</info_type>
<helpinfo><![CDATA[0]]></helpinfo>
<masseditable>0</masseditable>
<summaryfield>0</summaryfield>
</field>
<field>
<fieldname>modifiedtime</fieldname>
<uitype>70</uitype>
<columnname>modifiedtime</columnname>
<tablename>vtiger_crmentity</tablename>
<generatedtype>1</generatedtype>
<fieldlabel>Modified Time</fieldlabel>
<readonly>1</readonly>
<presence>0</presence>
<defaultvalue></defaultvalue>
<sequence>12</sequence>
<maximumlength>100</maximumlength>
<typeofdata>DT~O</typeofdata>
<quickcreate>3</quickcreate>
<quickcreatesequence>0</quickcreatesequence>
<displaytype>2</displaytype>
<info_type>BAS</info_type>
<helpinfo><![CDATA[0]]></helpinfo>
<masseditable>0</masseditable>
<summaryfield>0</summaryfield>
</field>
<field>
<fieldname>closedtime</fieldname>
<uitype>70</uitype>
<columnname>closedtime</columnname>
<tablename>vtiger_crmentity</tablename>
<generatedtype>1</generatedtype>
<fieldlabel>Closed Time</fieldlabel>
<readonly>1</readonly>
<presence>2</presence>
<defaultvalue></defaultvalue>
<sequence>13</sequence>
<maximumlength>100</maximumlength>
<typeofdata>DT~O</typeofdata>
<quickcreate>1</quickcreate>
<quickcreatesequence></quickcreatesequence>
<displaytype>2</displaytype>
<info_type>BAS</info_type>
<helpinfo><![CDATA[0]]></helpinfo>
<masseditable>1</masseditable>
<summaryfield>0</summaryfield>
</field>
</fields>
</block>
<block>
<label>LBL_CONTACTS</label>
<fields>
<field>
<fieldname>business_phone</fieldname>
<uitype>11</uitype>
<columnname>business_phone</columnname>
<tablename>vtiger_ossemployees</tablename>
<generatedtype>1</generatedtype>
<fieldlabel>LBL_BUSINESSPHONE</fieldlabel>
<readonly>0</readonly>
<presence>2</presence>
<defaultvalue></defaultvalue>
<sequence>1</sequence>
<maximumlength>100</maximumlength>
<typeofdata>V~O</typeofdata>
<quickcreate>0</quickcreate>
<quickcreatesequence>1</quickcreatesequence>
<displaytype>1</displaytype>
<info_type>BAS</info_type>
<helpinfo><![CDATA[0]]></helpinfo>
<masseditable>0</masseditable>
<summaryfield>0</summaryfield>
</field>
<field>
<fieldname>private_phone</fieldname>
<uitype>11</uitype>
<columnname>private_phone</columnname>
<tablename>vtiger_ossemployees</tablename>
<generatedtype>1</generatedtype>
<fieldlabel>LBL_PRIVATEPHONE</fieldlabel>
<readonly>0</readonly>
<presence>2</presence>
<defaultvalue></defaultvalue>
<sequence>2</sequence>
<maximumlength>100</maximumlength>
<typeofdata>V~O</typeofdata>
<quickcreate>0</quickcreate>
<quickcreatesequence>1</quickcreatesequence>
<displaytype>1</displaytype>
<info_type>BAS</info_type>
<helpinfo><![CDATA[0]]></helpinfo>
<masseditable>0</masseditable>
<summaryfield>0</summaryfield>
</field>
<field>
<fieldname>business_mail</fieldname>
<uitype>13</uitype>
<columnname>business_mail</columnname>
<tablename>vtiger_ossemployees</tablename>
<generatedtype>1</generatedtype>
<fieldlabel>LBL_BUSINESSMAIL</fieldlabel>
<readonly>0</readonly>
<presence>2</presence>
<defaultvalue></defaultvalue>
<sequence>3</sequence>
<maximumlength>100</maximumlength>
<typeofdata>E~O</typeofdata>
<quickcreate>0</quickcreate>
<quickcreatesequence>1</quickcreatesequence>
<displaytype>1</displaytype>
<info_type>BAS</info_type>
<helpinfo><![CDATA[0]]></helpinfo>
<masseditable>0</masseditable>
<summaryfield>1</summaryfield>
</field>
<field>
<fieldname>private_mail</fieldname>
<uitype>13</uitype>
<columnname>private_mail</columnname>
<tablename>vtiger_ossemployees</tablename>
<generatedtype>1</generatedtype>
<fieldlabel>LBL_PRIVATEMAIL</fieldlabel>
<readonly>0</readonly>
<presence>2</presence>
<defaultvalue></defaultvalue>
<sequence>4</sequence>
<maximumlength>100</maximumlength>
<typeofdata>E~O</typeofdata>
<quickcreate>0</quickcreate>
<quickcreatesequence>1</quickcreatesequence>
<displaytype>1</displaytype>
<info_type>BAS</info_type>
<helpinfo><![CDATA[0]]></helpinfo>
<masseditable>0</masseditable>
<summaryfield>0</summaryfield>
</field>
</fields>
</block>
<block>
<label>LBL_PERMANENT_ADDRESS</label>
<fields>
<field>
<fieldname>street</fieldname>
<uitype>1</uitype>
<columnname>street</columnname>
<tablename>vtiger_ossemployees</tablename>
<generatedtype>1</generatedtype>
<fieldlabel>LBL_STREET</fieldlabel>
<readonly>0</readonly>
<presence>2</presence>
<defaultvalue></defaultvalue>
<sequence>1</sequence>
<maximumlength>100</maximumlength>
<typeofdata>V~O</typeofdata>
<quickcreate>0</quickcreate>
<quickcreatesequence>1</quickcreatesequence>
<displaytype>1</displaytype>
<info_type>BAS</info_type>
<helpinfo><![CDATA[0]]></helpinfo>
<masseditable>0</masseditable>
<summaryfield>0</summaryfield>
</field>
<field>
<fieldname>code</fieldname>
<uitype>1</uitype>
<columnname>code</columnname>
<tablename>vtiger_ossemployees</tablename>
<generatedtype>1</generatedtype>
<fieldlabel>LBL_CODE</fieldlabel>
<readonly>0</readonly>
<presence>2</presence>
<defaultvalue></defaultvalue>
<sequence>2</sequence>
<maximumlength>100</maximumlength>
<typeofdata>V~O</typeofdata>
<quickcreate>0</quickcreate>
<quickcreatesequence>1</quickcreatesequence>
<displaytype>1</displaytype>
<info_type>BAS</info_type>
<helpinfo><![CDATA[0]]></helpinfo>
<masseditable>0</masseditable>
<summaryfield>0</summaryfield>
</field>
<field>
<fieldname>city</fieldname>
<uitype>1</uitype>
<columnname>city</columnname>
<tablename>vtiger_ossemployees</tablename>
<generatedtype>1</generatedtype>
<fieldlabel>LBL_CITY</fieldlabel>
<readonly>0</readonly>
<presence>2</presence>
<defaultvalue></defaultvalue>
<sequence>3</sequence>
<maximumlength>100</maximumlength>
<typeofdata>V~O</typeofdata>
<quickcreate>0</quickcreate>
<quickcreatesequence>1</quickcreatesequence>
<displaytype>1</displaytype>
<info_type>BAS</info_type>
<helpinfo><![CDATA[0]]></helpinfo>
<masseditable>0</masseditable>
<summaryfield>0</summaryfield>
</field>
<field>
<fieldname>state</fieldname>
<uitype>1</uitype>
<columnname>state</columnname>
<tablename>vtiger_ossemployees</tablename>
<generatedtype>1</generatedtype>
<fieldlabel>LBL_STATE</fieldlabel>
<readonly>0</readonly>
<presence>2</presence>
<defaultvalue></defaultvalue>
<sequence>4</sequence>
<maximumlength>100</maximumlength>
<typeofdata>V~O</typeofdata>
<quickcreate>0</quickcreate>
<quickcreatesequence>1</quickcreatesequence>
<displaytype>1</displaytype>
<info_type>BAS</info_type>
<helpinfo><![CDATA[0]]></helpinfo>
<masseditable>0</masseditable>
<summaryfield>0</summaryfield>
</field>
<field>
<fieldname>country</fieldname>
<uitype>1</uitype>
<columnname>country</columnname>
<tablename>vtiger_ossemployees</tablename>
<generatedtype>1</generatedtype>
<fieldlabel>LBL_COUNTRY</fieldlabel>
<readonly>0</readonly>
<presence>2</presence>
<defaultvalue></defaultvalue>
<sequence>5</sequence>
<maximumlength>100</maximumlength>
<typeofdata>V~O</typeofdata>
<quickcreate>0</quickcreate>
<quickcreatesequence>1</quickcreatesequence>
<displaytype>1</displaytype>
<info_type>BAS</info_type>
<helpinfo><![CDATA[0]]></helpinfo>
<masseditable>0</masseditable>
<summaryfield>0</summaryfield>
</field>
</fields>
</block>
<block>
<label>LBL_CORRESPONDANCE_ADDRESS</label>
<fields>
<field>
<fieldname>ship_street</fieldname>
<uitype>1</uitype>
<columnname>ship_street</columnname>
<tablename>vtiger_ossemployees</tablename>
<generatedtype>1</generatedtype>
<fieldlabel>LBL_SHIPSTREET</fieldlabel>
<readonly>0</readonly>
<presence>2</presence>
<defaultvalue></defaultvalue>
<sequence>1</sequence>
<maximumlength>100</maximumlength>
<typeofdata>V~O</typeofdata>
<quickcreate>0</quickcreate>
<quickcreatesequence>1</quickcreatesequence>
<displaytype>1</displaytype>
<info_type>BAS</info_type>
<helpinfo><![CDATA[0]]></helpinfo>
<masseditable>0</masseditable>
<summaryfield>0</summaryfield>
</field>
<field>
<fieldname>ship_code</fieldname>
<uitype>1</uitype>
<columnname>ship_code</columnname>
<tablename>vtiger_ossemployees</tablename>
<generatedtype>1</generatedtype>
<fieldlabel>LBL_SHIPCODE</fieldlabel>
<readonly>0</readonly>
<presence>2</presence>
<defaultvalue></defaultvalue>
<sequence>2</sequence>
<maximumlength>100</maximumlength>
<typeofdata>V~O</typeofdata>
<quickcreate>0</quickcreate>
<quickcreatesequence>1</quickcreatesequence>
<displaytype>1</displaytype>
<info_type>BAS</info_type>
<helpinfo><![CDATA[0]]></helpinfo>
<masseditable>0</masseditable>
<summaryfield>0</summaryfield>
</field>
<field>
<fieldname>ship_city</fieldname>
<uitype>1</uitype>
<columnname>ship_city</columnname>
<tablename>vtiger_ossemployees</tablename>
<generatedtype>1</generatedtype>
<fieldlabel>LBL_SHIPCITY</fieldlabel>
<readonly>0</readonly>
<presence>2</presence>
<defaultvalue></defaultvalue>
<sequence>3</sequence>
<maximumlength>100</maximumlength>
<typeofdata>V~O</typeofdata>
<quickcreate>0</quickcreate>
<quickcreatesequence>1</quickcreatesequence>
<displaytype>1</displaytype>
<info_type>BAS</info_type>
<helpinfo><![CDATA[0]]></helpinfo>
<masseditable>0</masseditable>
<summaryfield>0</summaryfield>
</field>
<field>
<fieldname>ship_state</fieldname>
<uitype>1</uitype>
<columnname>ship_state</columnname>
<tablename>vtiger_ossemployees</tablename>
<generatedtype>1</generatedtype>
<fieldlabel>LBL_SHIPSTATE</fieldlabel>
<readonly>0</readonly>
<presence>2</presence>
<defaultvalue></defaultvalue>
<sequence>4</sequence>
<maximumlength>100</maximumlength>
<typeofdata>V~O</typeofdata>
<quickcreate>0</quickcreate>
<quickcreatesequence>1</quickcreatesequence>
<displaytype>1</displaytype>
<info_type>BAS</info_type>
<helpinfo><![CDATA[0]]></helpinfo>
<masseditable>0</masseditable>
<summaryfield>0</summaryfield>
</field>
<field>
<fieldname>ship_country</fieldname>
<uitype>1</uitype>
<columnname>ship_country</columnname>
<tablename>vtiger_ossemployees</tablename>
<generatedtype>1</generatedtype>
<fieldlabel>LBL_SHIPCOUNTRY</fieldlabel>
<readonly>0</readonly>
<presence>2</presence>
<defaultvalue></defaultvalue>
<sequence>5</sequence>
<maximumlength>100</maximumlength>
<typeofdata>V~O</typeofdata>
<quickcreate>0</quickcreate>
<quickcreatesequence>1</quickcreatesequence>
<displaytype>1</displaytype>
<info_type>BAS</info_type>
<helpinfo><![CDATA[0]]></helpinfo>
<masseditable>0</masseditable>
<summaryfield>0</summaryfield>
</field>
</fields>
</block>
<block>
<label>LBL_SHARING_INFORMATION</label>
<fields>
<field>
<fieldname>inheritsharing</fieldname>
<uitype>56</uitype>
<columnname>inheritsharing</columnname>
<tablename>vtiger_crmentity</tablename>
<generatedtype>1</generatedtype>
<fieldlabel>Copy permissions automatically</fieldlabel>
<readonly>1</readonly>
<presence>2</presence>
<defaultvalue></defaultvalue>
<sequence>1</sequence>
<maximumlength>100</maximumlength>
<typeofdata>C~O</typeofdata>
<quickcreate>1</quickcreate>
<quickcreatesequence></quickcreatesequence>
<displaytype>1</displaytype>
<info_type>BAS</info_type>
<helpinfo><![CDATA[0]]></helpinfo>
<masseditable>1</masseditable>
<summaryfield>0</summaryfield>
</field>
<field>
<fieldname>shownerid</fieldname>
<uitype>120</uitype>
<columnname>shownerid</columnname>
<tablename>vtiger_crmentity</tablename>
<generatedtype>1</generatedtype>
<fieldlabel>Share with users</fieldlabel>
<readonly>1</readonly>
<presence>2</presence>
<defaultvalue></defaultvalue>
<sequence>2</sequence>
<maximumlength>100</maximumlength>
<typeofdata>V~O</typeofdata>
<quickcreate>1</quickcreate>
<quickcreatesequence></quickcreatesequence>
<displaytype>1</displaytype>
<info_type>BAS</info_type>
<helpinfo><![CDATA[0]]></helpinfo>
<masseditable>1</masseditable>
<summaryfield>0</summaryfield>
</field>
</fields>
</block>
</blocks>
<customviews>
<customview>
<viewname>All</viewname>
<setdefault>true</setdefault>
<setmetrics>false</setmetrics>
<fields>
<field>
<fieldname>last_name</fieldname>
<columnindex>1</columnindex>
</field>
<field>
<fieldname>name</fieldname>
<columnindex>2</columnindex>
</field>
<field>
<fieldname>employee_status</fieldname>
<columnindex>3</columnindex>
</field>
<field>
<fieldname>employee_education</fieldname>
<columnindex>4</columnindex>
</field>
<field>
<fieldname>assigned_user_id</fieldname>
<columnindex>5</columnindex>
</field>
<field>
<fieldname>createdtime</fieldname>
<columnindex>6</columnindex>
</field>
<field>
<fieldname>modifiedtime</fieldname>
<columnindex>7</columnindex>
</field>
</fields>
</customview>
</customviews>
<sharingaccess>
<default>public_readwritedelete</default>
</sharingaccess>
<actions>
<action>
<name><![CDATA[Import]]></name>
<status>enabled</status>
</action>
<action>
<name><![CDATA[Export]]></name>
<status>enabled</status>
</action>
<action>
<name><![CDATA[Merge]]></name>
<status>enabled</status>
</action>
<action>
<name><![CDATA[CreateCustomFilter]]></name>
<status>enabled</status>
</action>
<action>
<name><![CDATA[DuplicateRecord]]></name>
<status>enabled</status>
</action>
</actions>
<relatedlists>
<relatedlist>
<function>get_attachments</function>
<label>Documents</label>
<sequence>1</sequence>
<presence>0</presence>
<actions>
<action>ADD</action>
<action>SELECT</action>
</actions>
<relatedmodule>Documents</relatedmodule>
</relatedlist>
<relatedlist>
<function>get_osstimecontrol</function>
<label>OSSTimeControl</label>
<sequence>2</sequence>
<presence>0</presence>
<actions>
<action>ADD</action>
</actions>
<relatedmodule>OSSTimeControl</relatedmodule>
</relatedlist>
<relatedlist>
<function>get_dependents_list</function>
<label>CallHistory</label>
<sequence>3</sequence>
<presence>0</presence>
<actions>
<action> </action>
</actions>
<relatedmodule>CallHistory</relatedmodule>
</relatedlist>
</relatedlists>
<customlinks>
<customlink>
<linktype>DASHBOARDWIDGET</linktype>
<linklabel>Employees Time Control</linklabel>
<linkurl><![CDATA[index.php?module=OSSEmployees&view=ShowWidget&name=TimeControl]]></linkurl>
<linkicon><![CDATA[]]></linkicon>
<sequence>1</sequence>
<handler_path><![CDATA[]]></handler_path>
<handler_class><![CDATA[]]></handler_class>
<handler><![CDATA[]]></handler>
</customlink>
<customlink>
<linktype>DETAILVIEWBASIC</linktype>
<linklabel>LBL_SHOW_EMPLOYEES_HIERARCHY</linklabel>
<linkurl><![CDATA[index.php?module=OSSEmployees&action=EmployeeHierarchy&ossemployeesid=$RECORD$]]></linkurl>
<linkicon><![CDATA[]]></linkicon>
<sequence>0</sequence>
<handler_path><![CDATA[]]></handler_path>
<handler_class><![CDATA[]]></handler_class>
<handler><![CDATA[]]></handler>
</customlink>
<customlink>
<linktype>DETAILVIEWWIDGET</linktype>
<linklabel>DetailViewBlockCommentWidget</linklabel>
<linkurl><![CDATA[block://ModComments:modules/ModComments/ModComments.php]]></linkurl>
<linkicon><![CDATA[]]></linkicon>
<sequence>0</sequence>
<handler_path><![CDATA[]]></handler_path>
<handler_class><![CDATA[]]></handler_class>
<handler><![CDATA[]]></handler>
</customlink>
</customlinks>
<crons>
</crons>
</module>
