<?xml version='1.0'?>
<module>
<exporttime>2014-12-03 14:02:32</exporttime>
<name>OSSMail</name>
<label>OSSMail</label>
<parent>My Home Page</parent>
<type>extension</type>
<version>1.50</version>
<dependencies>
<vtiger_version>6.0.0</vtiger_version>
<vtiger_max_version>6.*</vtiger_max_version>
</dependencies>
<tables>
</tables>
<customlinks>
<customlink>
<linktype>HEADERSCRIPT</linktype>
<linklabel>OSSMailJS</linklabel>
<linkurl><![CDATA[layouts/vlayout/modules/OSSMail/resources/Global.js]]></linkurl>
<linkicon><![CDATA[]]></linkicon>
<sequence>0</sequence>
<handler_path><![CDATA[]]></handler_path>
<handler_class><![CDATA[]]></handler_class>
<handler><![CDATA[]]></handler>
</customlink>
<customlink>
<linktype>HEADERSCRIPT</linktype>
<linklabel>OSSMailJScheckmails</linklabel>
<linkurl><![CDATA[layouts/vlayout/modules/OSSMail/resources/checkmails.js]]></linkurl>
<linkicon><![CDATA[]]></linkicon>
<sequence>0</sequence>
<handler_path><![CDATA[]]></handler_path>
<handler_class><![CDATA[]]></handler_class>
<handler><![CDATA[]]></handler>
</customlink>
</customlinks>
<crons>
</crons>
</module>
