<?xml version='1.0'?>
<module>
<exporttime>2014-12-03 14:43:42</exporttime>
<name>OSSMailScanner</name>
<label>OSSMailScanner</label>
<type>extension</type>
<version>1.30</version>
<dependencies>
<vtiger_version>6.0.0</vtiger_version>
<vtiger_max_version>6.*</vtiger_max_version>
</dependencies>
<tables>
</tables>
<crons>
<cron>
<name>MailScannerAction</name>
<frequency>200</frequency>
<status>1</status>
<handler>modules/OSSMailScanner/cron/action.php</handler>
<sequence>8</sequence>
<description></description>
</cron>
<cron>
<name>MailScannerVerification</name>
<frequency>100</frequency>
<status>1</status>
<handler>modules/OSSMailScanner/cron/verification.php</handler>
<sequence>9</sequence>
<description></description>
</cron>
<cron>
<name>MailScannerBind</name>
<frequency>600</frequency>
<status>1</status>
<handler>modules/OSSMailScanner/cron/bind.php</handler>
<sequence>10</sequence>
<description></description>
</cron>
</crons>
</module>
