<?xml version='1.0'?>
<module>
<exporttime>2014-12-03 14:30:33</exporttime>
<name>OSSPasswords</name>
<label>OSSPasswords</label>
<parent>Databases</parent>
<version>0.96</version>
<dependencies>
<vtiger_version>6.0.0rc</vtiger_version>
<vtiger_max_version>6.*</vtiger_max_version>
</dependencies>
<tables>
<table>
<name>vtiger_osspasswords</name>
<sql><![CDATA[DROP TABLE]]></sql>
</table>
<table>
<name>vtiger_osspasswordscf</name>
<sql><![CDATA[DROP TABLE]]></sql>
</table>
</tables>
<blocks>
<block>
<label>LBL_OSSPASSWORD_INFORMATION</label>
<fields>
<field>
<fieldname>osspassword_no</fieldname>
<uitype>4</uitype>
<columnname>osspassword_no</columnname>
<tablename>vtiger_osspasswords</tablename>
<generatedtype>1</generatedtype>
<fieldlabel>OSSPassword No</fieldlabel>
<readonly>1</readonly>
<presence>0</presence>
<defaultvalue></defaultvalue>
<sequence>1</sequence>
<maximumlength>100</maximumlength>
<typeofdata>V~O</typeofdata>
<quickcreate>3</quickcreate>
<quickcreatesequence>0</quickcreatesequence>
<displaytype>1</displaytype>
<info_type>BAS</info_type>
<helpinfo><![CDATA[0]]></helpinfo>
<masseditable>0</masseditable>
<summaryfield>0</summaryfield>
</field>
<field>
<fieldname>passwordname</fieldname>
<uitype>1</uitype>
<columnname>passwordname</columnname>
<tablename>vtiger_osspasswords</tablename>
<generatedtype>1</generatedtype>
<fieldlabel>Key name</fieldlabel>
<readonly>0</readonly>
<presence>2</presence>
<defaultvalue></defaultvalue>
<sequence>2</sequence>
<maximumlength>100</maximumlength>
<typeofdata>V~M</typeofdata>
<quickcreate>0</quickcreate>
<quickcreatesequence>3</quickcreatesequence>
<displaytype>1</displaytype>
<info_type>BAS</info_type>
<helpinfo><![CDATA[0]]></helpinfo>
<masseditable>1</masseditable>
<summaryfield>0</summaryfield>
<entityidentifier>
<entityidfield>osspasswordsid</entityidfield>
<entityidcolumn>osspasswordsid</entityidcolumn>
</entityidentifier>
</field>
<field>
<fieldname>linkto</fieldname>
<uitype>10</uitype>
<columnname>linkto</columnname>
<tablename>vtiger_osspasswords</tablename>
<generatedtype>1</generatedtype>
<fieldlabel>Related to</fieldlabel>
<readonly>1</readonly>
<presence>2</presence>
<defaultvalue></defaultvalue>
<sequence>3</sequence>
<maximumlength>100</maximumlength>
<typeofdata>V~O</typeofdata>
<quickcreate>1</quickcreate>
<quickcreatesequence></quickcreatesequence>
<displaytype>1</displaytype>
<info_type>BAS</info_type>
<helpinfo><![CDATA[0]]></helpinfo>
<masseditable>1</masseditable>
<summaryfield>0</summaryfield>
<relatedmodules>
<relatedmodule>Assets</relatedmodule>
<relatedmodule>Accounts</relatedmodule>
<relatedmodule>Contacts</relatedmodule>
<relatedmodule>Leads</relatedmodule>
<relatedmodule>Products</relatedmodule>
<relatedmodule>Services</relatedmodule>
<relatedmodule>HelpDesk</relatedmodule>
<relatedmodule>Vendors</relatedmodule>
</relatedmodules>
</field>
<field>
<fieldname>username</fieldname>
<uitype>1</uitype>
<columnname>username</columnname>
<tablename>vtiger_osspasswords</tablename>
<generatedtype>1</generatedtype>
<fieldlabel>Username</fieldlabel>
<readonly>0</readonly>
<presence>2</presence>
<defaultvalue></defaultvalue>
<sequence>4</sequence>
<maximumlength>100</maximumlength>
<typeofdata>V~O</typeofdata>
<quickcreate>0</quickcreate>
<quickcreatesequence>3</quickcreatesequence>
<displaytype>1</displaytype>
<info_type>BAS</info_type>
<helpinfo><![CDATA[0]]></helpinfo>
<masseditable>1</masseditable>
<summaryfield>0</summaryfield>
</field>
<field>
<fieldname>password</fieldname>
<uitype>1</uitype>
<columnname>password</columnname>
<tablename>vtiger_osspasswords</tablename>
<generatedtype>1</generatedtype>
<fieldlabel>Password</fieldlabel>
<readonly>0</readonly>
<presence>2</presence>
<defaultvalue></defaultvalue>
<sequence>5</sequence>
<maximumlength>100</maximumlength>
<typeofdata>V~O</typeofdata>
<quickcreate>0</quickcreate>
<quickcreatesequence>3</quickcreatesequence>
<displaytype>1</displaytype>
<info_type>BAS</info_type>
<helpinfo><![CDATA[0]]></helpinfo>
<masseditable>1</masseditable>
<summaryfield>0</summaryfield>
</field>
<field>
<fieldname>link_adres</fieldname>
<uitype>17</uitype>
<columnname>link_adres</columnname>
<tablename>vtiger_osspasswords</tablename>
<generatedtype>1</generatedtype>
<fieldlabel>WWW page</fieldlabel>
<readonly>0</readonly>
<presence>2</presence>
<defaultvalue></defaultvalue>
<sequence>6</sequence>
<maximumlength>255</maximumlength>
<typeofdata>V~O~LE~255</typeofdata>
<quickcreate>0</quickcreate>
<quickcreatesequence>3</quickcreatesequence>
<displaytype>1</displaytype>
<info_type>BAS</info_type>
<helpinfo><![CDATA[0]]></helpinfo>
<masseditable>1</masseditable>
<summaryfield>0</summaryfield>
</field>
<field>
<fieldname>assigned_user_id</fieldname>
<uitype>53</uitype>
<columnname>smownerid</columnname>
<tablename>vtiger_crmentity</tablename>
<generatedtype>1</generatedtype>
<fieldlabel>Assigned To</fieldlabel>
<readonly>1</readonly>
<presence>2</presence>
<defaultvalue></defaultvalue>
<sequence>7</sequence>
<maximumlength>100</maximumlength>
<typeofdata>V~M</typeofdata>
<quickcreate>0</quickcreate>
<quickcreatesequence>2</quickcreatesequence>
<displaytype>1</displaytype>
<info_type>BAS</info_type>
<helpinfo><![CDATA[0]]></helpinfo>
<masseditable>1</masseditable>
<summaryfield>0</summaryfield>
</field>
<field>
<fieldname>createdtime</fieldname>
<uitype>70</uitype>
<columnname>createdtime</columnname>
<tablename>vtiger_crmentity</tablename>
<generatedtype>1</generatedtype>
<fieldlabel>Created Time</fieldlabel>
<readonly>1</readonly>
<presence>0</presence>
<defaultvalue></defaultvalue>
<sequence>8</sequence>
<maximumlength>100</maximumlength>
<typeofdata>DT~O</typeofdata>
<quickcreate>3</quickcreate>
<quickcreatesequence>0</quickcreatesequence>
<displaytype>2</displaytype>
<info_type>BAS</info_type>
<helpinfo><![CDATA[0]]></helpinfo>
<masseditable>0</masseditable>
<summaryfield>0</summaryfield>
</field>
<field>
<fieldname>modifiedtime</fieldname>
<uitype>70</uitype>
<columnname>modifiedtime</columnname>
<tablename>vtiger_crmentity</tablename>
<generatedtype>1</generatedtype>
<fieldlabel>Modified Time</fieldlabel>
<readonly>1</readonly>
<presence>0</presence>
<defaultvalue></defaultvalue>
<sequence>9</sequence>
<maximumlength>100</maximumlength>
<typeofdata>DT~O</typeofdata>
<quickcreate>3</quickcreate>
<quickcreatesequence>0</quickcreatesequence>
<displaytype>2</displaytype>
<info_type>BAS</info_type>
<helpinfo><![CDATA[0]]></helpinfo>
<masseditable>0</masseditable>
<summaryfield>0</summaryfield>
</field>
</fields>
</block>
<block>
<label>LBL_CUSTOM_INFORMATION</label>
</block>
<block>
<label>LBL_DESCRIPTION_INFORMATION</label>
<fields>
<field>
<fieldname>description</fieldname>
<uitype>19</uitype>
<columnname>description</columnname>
<tablename>vtiger_crmentity</tablename>
<generatedtype>1</generatedtype>
<fieldlabel>Description</fieldlabel>
<readonly>1</readonly>
<presence>2</presence>
<defaultvalue></defaultvalue>
<sequence>10</sequence>
<maximumlength>100</maximumlength>
<typeofdata>V~O</typeofdata>
<quickcreate>1</quickcreate>
<quickcreatesequence></quickcreatesequence>
<displaytype>1</displaytype>
<info_type>BAS</info_type>
<helpinfo><![CDATA[0]]></helpinfo>
<masseditable>1</masseditable>
<summaryfield>0</summaryfield>
</field>
</fields>
</block>
</blocks>
<customviews>
<customview>
<viewname>All</viewname>
<setdefault>true</setdefault>
<setmetrics>false</setmetrics>
<fields>
<field>
<fieldname>osspassword_no</fieldname>
<columnindex>0</columnindex>
</field>
<field>
<fieldname>passwordname</fieldname>
<columnindex>1</columnindex>
</field>
<field>
<fieldname>username</fieldname>
<columnindex>2</columnindex>
</field>
<field>
<fieldname>password</fieldname>
<columnindex>3</columnindex>
</field>
<field>
<fieldname>link_adres</fieldname>
<columnindex>4</columnindex>
</field>
<field>
<fieldname>description</fieldname>
<columnindex>5</columnindex>
</field>
</fields>
</customview>
</customviews>
<sharingaccess>
<default>public_readwritedelete</default>
</sharingaccess>
<actions>
<action>
<name><![CDATA[Import]]></name>
<status>enabled</status>
</action>
<action>
<name><![CDATA[Export]]></name>
<status>enabled</status>
</action>
<action>
<name><![CDATA[DuplicatesHandling]]></name>
<status>enabled</status>
</action>
<action>
<name><![CDATA[CreateCustomFilter]]></name>
<status>enabled</status>
</action>
<action>
<name><![CDATA[DuplicateRecord]]></name>
<status>enabled</status>
</action>
</actions>
<customlinks>
<customlink>
<linktype>DETAILVIEWBASIC</linktype>
<linklabel>View History</linklabel>
<linkurl><![CDATA[javascript:ModTrackerCommon.showhistory('$RECORD$')]]></linkurl>
<linkicon><![CDATA[]]></linkicon>
<sequence>0</sequence>
<handler_path><![CDATA[modules/ModTracker/ModTracker.php]]></handler_path>
<handler_class><![CDATA[ModTracker]]></handler_class>
<handler><![CDATA[isViewPermitted]]></handler>
</customlink>
</customlinks>
<crons>
</crons>
</module>
