<?xml version='1.0'?>
<module>
<exporttime>2014-12-03 14:22:57</exporttime>
<name>OSSPdf</name>
<label>OSSPdf</label>
<parent>Databases</parent>
<version>4.0.25</version>
<dependencies>
<vtiger_version>6.0.0</vtiger_version>
</dependencies>
<tables>
<table>
<name>vtiger_osspdf</name>
<sql><![CDATA[DROP TABLE]]></sql>
</table>
<table>
<name>vtiger_osspdfcf</name>
<sql><![CDATA[DROP TABLE]]></sql>
</table>
</tables>
<blocks>
<block>
<label>LBL_MAIN_INFORMATION</label>
<fields>
<field>
<fieldname>oss_mod_no</fieldname>
<uitype>4</uitype>
<columnname>oss_mod_no</columnname>
<tablename>vtiger_osspdf</tablename>
<generatedtype>1</generatedtype>
<fieldlabel>LBL_mod_no</fieldlabel>
<readonly>1</readonly>
<presence>2</presence>
<defaultvalue></defaultvalue>
<sequence>1</sequence>
<maximumlength>100</maximumlength>
<typeofdata>V~O</typeofdata>
<quickcreate>1</quickcreate>
<quickcreatesequence></quickcreatesequence>
<displaytype>1</displaytype>
<info_type>BAS</info_type>
<helpinfo><![CDATA[0]]></helpinfo>
<masseditable>1</masseditable>
<summaryfield>0</summaryfield>
</field>
<field>
<fieldname>title</fieldname>
<uitype>2</uitype>
<columnname>title</columnname>
<tablename>vtiger_osspdf</tablename>
<generatedtype>1</generatedtype>
<fieldlabel>LBL_mod_name</fieldlabel>
<readonly>1</readonly>
<presence>2</presence>
<defaultvalue></defaultvalue>
<sequence>2</sequence>
<maximumlength>100</maximumlength>
<typeofdata>V~M</typeofdata>
<quickcreate>1</quickcreate>
<quickcreatesequence></quickcreatesequence>
<displaytype>1</displaytype>
<info_type>BAS</info_type>
<helpinfo><![CDATA[0]]></helpinfo>
<masseditable>1</masseditable>
<summaryfield>0</summaryfield>
<entityidentifier>
<entityidfield>osspdfid</entityidfield>
<entityidcolumn>osspdfid</entityidcolumn>
</entityidentifier>
</field>
<field>
<fieldname>assigned_user_id</fieldname>
<uitype>53</uitype>
<columnname>smownerid</columnname>
<tablename>vtiger_crmentity</tablename>
<generatedtype>1</generatedtype>
<fieldlabel>Assigned To</fieldlabel>
<readonly>1</readonly>
<presence>2</presence>
<defaultvalue></defaultvalue>
<sequence>5</sequence>
<maximumlength>100</maximumlength>
<typeofdata>V~M</typeofdata>
<quickcreate>1</quickcreate>
<quickcreatesequence></quickcreatesequence>
<displaytype>1</displaytype>
<info_type>BAS</info_type>
<helpinfo><![CDATA[0]]></helpinfo>
<masseditable>1</masseditable>
<summaryfield>0</summaryfield>
</field>
<field>
<fieldname>osspdf_pdf_format</fieldname>
<uitype>15</uitype>
<columnname>osspdf_pdf_format</columnname>
<tablename>vtiger_osspdf</tablename>
<generatedtype>1</generatedtype>
<fieldlabel>Document format</fieldlabel>
<readonly>1</readonly>
<presence>2</presence>
<defaultvalue>A4</defaultvalue>
<sequence>4</sequence>
<maximumlength>100</maximumlength>
<typeofdata>V~M</typeofdata>
<quickcreate>1</quickcreate>
<quickcreatesequence></quickcreatesequence>
<displaytype>1</displaytype>
<info_type>BAS</info_type>
<helpinfo><![CDATA[0]]></helpinfo>
<masseditable>1</masseditable>
<summaryfield>0</summaryfield>
<picklistvalues>
<picklistvalue>A4</picklistvalue>
<picklistvalue>4A0</picklistvalue>
<picklistvalue>2A0</picklistvalue>
<picklistvalue>A0</picklistvalue>
<picklistvalue>A1</picklistvalue>
<picklistvalue>A2</picklistvalue>
<picklistvalue>A3</picklistvalue>
<picklistvalue>A5</picklistvalue>
<picklistvalue>A6</picklistvalue>
<picklistvalue>A7</picklistvalue>
<picklistvalue>A8</picklistvalue>
<picklistvalue>A9</picklistvalue>
<picklistvalue>A10</picklistvalue>
<picklistvalue>B0</picklistvalue>
<picklistvalue>B1</picklistvalue>
<picklistvalue>B2</picklistvalue>
<picklistvalue>B3</picklistvalue>
<picklistvalue>B4</picklistvalue>
<picklistvalue>B5</picklistvalue>
<picklistvalue>B6</picklistvalue>
<picklistvalue>B7</picklistvalue>
<picklistvalue>B8</picklistvalue>
<picklistvalue>B9</picklistvalue>
<picklistvalue>B10</picklistvalue>
<picklistvalue>C0</picklistvalue>
<picklistvalue>C1</picklistvalue>
<picklistvalue>C2</picklistvalue>
<picklistvalue>C3</picklistvalue>
<picklistvalue>C4</picklistvalue>
<picklistvalue>C5</picklistvalue>
<picklistvalue>C6</picklistvalue>
<picklistvalue>C7</picklistvalue>
<picklistvalue>C8</picklistvalue>
<picklistvalue>C9</picklistvalue>
<picklistvalue>C10</picklistvalue>
<picklistvalue>RA0</picklistvalue>
<picklistvalue>RA1</picklistvalue>
<picklistvalue>RA2</picklistvalue>
<picklistvalue>RA3</picklistvalue>
<picklistvalue>RA4</picklistvalue>
<picklistvalue>SRA0</picklistvalue>
<picklistvalue>SRA1</picklistvalue>
<picklistvalue>SRA2</picklistvalue>
<picklistvalue>SRA3</picklistvalue>
<picklistvalue>SRA4</picklistvalue>
<picklistvalue>LETTER</picklistvalue>
<picklistvalue>LEGAL</picklistvalue>
<picklistvalue>EXECUTIVE</picklistvalue>
<picklistvalue>FOLIO</picklistvalue>
</picklistvalues>
</field>
<field>
<fieldname>osspdf_pdf_orientation</fieldname>
<uitype>15</uitype>
<columnname>osspdf_pdf_orientation</columnname>
<tablename>vtiger_osspdf</tablename>
<generatedtype>1</generatedtype>
<fieldlabel>Page Orientation</fieldlabel>
<readonly>1</readonly>
<presence>2</presence>
<defaultvalue>Portrait</defaultvalue>
<sequence>7</sequence>
<maximumlength>100</maximumlength>
<typeofdata>V~M</typeofdata>
<quickcreate>1</quickcreate>
<quickcreatesequence></quickcreatesequence>
<displaytype>1</displaytype>
<info_type>BAS</info_type>
<helpinfo><![CDATA[0]]></helpinfo>
<masseditable>1</masseditable>
<summaryfield>0</summaryfield>
<picklistvalues>
<picklistvalue>Portrait</picklistvalue>
<picklistvalue>Landscape</picklistvalue>
</picklistvalues>
</field>
<field>
<fieldname>left_margin</fieldname>
<uitype>2</uitype>
<columnname>left_margin</columnname>
<tablename>vtiger_osspdf</tablename>
<generatedtype>1</generatedtype>
<fieldlabel>Left margin [mm]</fieldlabel>
<readonly>1</readonly>
<presence>2</presence>
<defaultvalue>10</defaultvalue>
<sequence>6</sequence>
<maximumlength>15</maximumlength>
<typeofdata>NN~O</typeofdata>
<quickcreate>1</quickcreate>
<quickcreatesequence></quickcreatesequence>
<displaytype>1</displaytype>
<info_type>BAS</info_type>
<helpinfo><![CDATA[0]]></helpinfo>
<masseditable>1</masseditable>
<summaryfield>0</summaryfield>
</field>
<field>
<fieldname>right_margin</fieldname>
<uitype>2</uitype>
<columnname>right_margin</columnname>
<tablename>vtiger_osspdf</tablename>
<generatedtype>1</generatedtype>
<fieldlabel>Right margin [mm]</fieldlabel>
<readonly>1</readonly>
<presence>2</presence>
<defaultvalue>10</defaultvalue>
<sequence>9</sequence>
<maximumlength>15</maximumlength>
<typeofdata>NN~O</typeofdata>
<quickcreate>1</quickcreate>
<quickcreatesequence></quickcreatesequence>
<displaytype>1</displaytype>
<info_type>BAS</info_type>
<helpinfo><![CDATA[0]]></helpinfo>
<masseditable>1</masseditable>
<summaryfield>0</summaryfield>
</field>
<field>
<fieldname>top_margin</fieldname>
<uitype>2</uitype>
<columnname>top_margin</columnname>
<tablename>vtiger_osspdf</tablename>
<generatedtype>1</generatedtype>
<fieldlabel>Top margin [mm]</fieldlabel>
<readonly>1</readonly>
<presence>2</presence>
<defaultvalue>10</defaultvalue>
<sequence>8</sequence>
<maximumlength>15</maximumlength>
<typeofdata>NN~O</typeofdata>
<quickcreate>1</quickcreate>
<quickcreatesequence></quickcreatesequence>
<displaytype>1</displaytype>
<info_type>BAS</info_type>
<helpinfo><![CDATA[0]]></helpinfo>
<masseditable>1</masseditable>
<summaryfield>0</summaryfield>
</field>
<field>
<fieldname>bottom_margin</fieldname>
<uitype>2</uitype>
<columnname>bottom_margin</columnname>
<tablename>vtiger_osspdf</tablename>
<generatedtype>1</generatedtype>
<fieldlabel>Bottom margin [mm]</fieldlabel>
<readonly>1</readonly>
<presence>2</presence>
<defaultvalue>10</defaultvalue>
<sequence>11</sequence>
<maximumlength>15</maximumlength>
<typeofdata>NN~O</typeofdata>
<quickcreate>1</quickcreate>
<quickcreatesequence></quickcreatesequence>
<displaytype>1</displaytype>
<info_type>BAS</info_type>
<helpinfo><![CDATA[0]]></helpinfo>
<masseditable>1</masseditable>
<summaryfield>0</summaryfield>
</field>
<field>
<fieldname>filename</fieldname>
<uitype>2</uitype>
<columnname>filename</columnname>
<tablename>vtiger_osspdf</tablename>
<generatedtype>1</generatedtype>
<fieldlabel>File Name</fieldlabel>
<readonly>1</readonly>
<presence>2</presence>
<defaultvalue></defaultvalue>
<sequence>3</sequence>
<maximumlength>100</maximumlength>
<typeofdata>V~O</typeofdata>
<quickcreate>1</quickcreate>
<quickcreatesequence></quickcreatesequence>
<displaytype>1</displaytype>
<info_type>BAS</info_type>
<helpinfo><![CDATA[0]]></helpinfo>
<masseditable>1</masseditable>
<summaryfield>0</summaryfield>
</field>
<field>
<fieldname>osspdf_enable_footer</fieldname>
<uitype>15</uitype>
<columnname>osspdf_enable_footer</columnname>
<tablename>vtiger_osspdf</tablename>
<generatedtype>1</generatedtype>
<fieldlabel>Enable Footer</fieldlabel>
<readonly>1</readonly>
<presence>2</presence>
<defaultvalue>No</defaultvalue>
<sequence>13</sequence>
<maximumlength>100</maximumlength>
<typeofdata>V~M</typeofdata>
<quickcreate>1</quickcreate>
<quickcreatesequence></quickcreatesequence>
<displaytype>1</displaytype>
<info_type>BAS</info_type>
<helpinfo><![CDATA[0]]></helpinfo>
<masseditable>1</masseditable>
<summaryfield>0</summaryfield>
<picklistvalues>
<picklistvalue>Yes</picklistvalue>
<picklistvalue>No</picklistvalue>
</picklistvalues>
</field>
<field>
<fieldname>osspdf_enable_header</fieldname>
<uitype>15</uitype>
<columnname>osspdf_enable_header</columnname>
<tablename>vtiger_osspdf</tablename>
<generatedtype>1</generatedtype>
<fieldlabel>Enable Header</fieldlabel>
<readonly>1</readonly>
<presence>2</presence>
<defaultvalue>No</defaultvalue>
<sequence>10</sequence>
<maximumlength>100</maximumlength>
<typeofdata>V~M</typeofdata>
<quickcreate>1</quickcreate>
<quickcreatesequence></quickcreatesequence>
<displaytype>1</displaytype>
<info_type>BAS</info_type>
<helpinfo><![CDATA[0]]></helpinfo>
<masseditable>1</masseditable>
<summaryfield>0</summaryfield>
<picklistvalues>
<picklistvalue>Yes</picklistvalue>
<picklistvalue>No</picklistvalue>
</picklistvalues>
</field>
<field>
<fieldname>height_header</fieldname>
<uitype>7</uitype>
<columnname>height_header</columnname>
<tablename>vtiger_osspdf</tablename>
<generatedtype>2</generatedtype>
<fieldlabel>height header</fieldlabel>
<readonly>1</readonly>
<presence>2</presence>
<defaultvalue>1</defaultvalue>
<sequence>19</sequence>
<maximumlength>100</maximumlength>
<typeofdata>I~M</typeofdata>
<quickcreate>2</quickcreate>
<quickcreatesequence>0</quickcreatesequence>
<displaytype>1</displaytype>
<info_type>BAS</info_type>
<helpinfo><![CDATA[0]]></helpinfo>
<masseditable>1</masseditable>
<summaryfield>0</summaryfield>
</field>
<field>
<fieldname>height_footer</fieldname>
<uitype>7</uitype>
<columnname>height_footer</columnname>
<tablename>vtiger_osspdf</tablename>
<generatedtype>2</generatedtype>
<fieldlabel>height footer</fieldlabel>
<readonly>1</readonly>
<presence>2</presence>
<defaultvalue>1</defaultvalue>
<sequence>15</sequence>
<maximumlength>100</maximumlength>
<typeofdata>I~M</typeofdata>
<quickcreate>2</quickcreate>
<quickcreatesequence>0</quickcreatesequence>
<displaytype>1</displaytype>
<info_type>BAS</info_type>
<helpinfo><![CDATA[0]]></helpinfo>
<masseditable>1</masseditable>
<summaryfield>0</summaryfield>
</field>
<field>
<fieldname>osspdf_enable_numbering</fieldname>
<uitype>15</uitype>
<columnname>osspdf_enable_numbering</columnname>
<tablename>vtiger_osspdf</tablename>
<generatedtype>1</generatedtype>
<fieldlabel>Enable Numbering</fieldlabel>
<readonly>1</readonly>
<presence>2</presence>
<defaultvalue>No</defaultvalue>
<sequence>12</sequence>
<maximumlength>100</maximumlength>
<typeofdata>V~O</typeofdata>
<quickcreate>1</quickcreate>
<quickcreatesequence></quickcreatesequence>
<displaytype>1</displaytype>
<info_type>BAS</info_type>
<helpinfo><![CDATA[0]]></helpinfo>
<masseditable>1</masseditable>
<summaryfield>0</summaryfield>
<picklistvalues>
<picklistvalue>No</picklistvalue>
<picklistvalue>NumberFormat</picklistvalue>
<picklistvalue>PageXofY</picklistvalue>
</picklistvalues>
</field>
<field>
<fieldname>createdtime</fieldname>
<uitype>70</uitype>
<columnname>createdtime</columnname>
<tablename>vtiger_crmentity</tablename>
<generatedtype>1</generatedtype>
<fieldlabel>Created Time</fieldlabel>
<readonly>1</readonly>
<presence>0</presence>
<defaultvalue></defaultvalue>
<sequence>17</sequence>
<maximumlength>100</maximumlength>
<typeofdata>DT~O</typeofdata>
<quickcreate>3</quickcreate>
<quickcreatesequence>0</quickcreatesequence>
<displaytype>2</displaytype>
<info_type>BAS</info_type>
<helpinfo><![CDATA[0]]></helpinfo>
<masseditable>0</masseditable>
<summaryfield>0</summaryfield>
</field>
<field>
<fieldname>modifiedtime</fieldname>
<uitype>70</uitype>
<columnname>modifiedtime</columnname>
<tablename>vtiger_crmentity</tablename>
<generatedtype>1</generatedtype>
<fieldlabel>Modified Time</fieldlabel>
<readonly>1</readonly>
<presence>0</presence>
<defaultvalue></defaultvalue>
<sequence>14</sequence>
<maximumlength>100</maximumlength>
<typeofdata>DT~O</typeofdata>
<quickcreate>3</quickcreate>
<quickcreatesequence>0</quickcreatesequence>
<displaytype>2</displaytype>
<info_type>BAS</info_type>
<helpinfo><![CDATA[0]]></helpinfo>
<masseditable>0</masseditable>
<summaryfield>0</summaryfield>
</field>
<field>
<fieldname>selected</fieldname>
<uitype>56</uitype>
<columnname>selected</columnname>
<tablename>vtiger_osspdf</tablename>
<generatedtype>2</generatedtype>
<fieldlabel>Selected by default</fieldlabel>
<readonly>1</readonly>
<presence>2</presence>
<defaultvalue></defaultvalue>
<sequence>16</sequence>
<maximumlength>100</maximumlength>
<typeofdata>C~O</typeofdata>
<quickcreate>0</quickcreate>
<quickcreatesequence>0</quickcreatesequence>
<displaytype>1</displaytype>
<info_type>BAS</info_type>
<helpinfo><![CDATA[0]]></helpinfo>
<masseditable>1</masseditable>
<summaryfield>0</summaryfield>
</field>
<field>
<fieldname>osspdf_view</fieldname>
<uitype>33</uitype>
<columnname>osspdf_view</columnname>
<tablename>vtiger_osspdf</tablename>
<generatedtype>2</generatedtype>
<fieldlabel>Show in</fieldlabel>
<readonly>1</readonly>
<presence>2</presence>
<defaultvalue></defaultvalue>
<sequence>20</sequence>
<maximumlength>100</maximumlength>
<typeofdata>V~M</typeofdata>
<quickcreate>0</quickcreate>
<quickcreatesequence>0</quickcreatesequence>
<displaytype>1</displaytype>
<info_type>BAS</info_type>
<helpinfo><![CDATA[0]]></helpinfo>
<masseditable>1</masseditable>
<summaryfield>0</summaryfield>
<picklistvalues>
<picklistvalue>List</picklistvalue>
<picklistvalue>Detail</picklistvalue>
</picklistvalues>
</field>
<field>
<fieldname>closedtime</fieldname>
<uitype>70</uitype>
<columnname>closedtime</columnname>
<tablename>vtiger_crmentity</tablename>
<generatedtype>1</generatedtype>
<fieldlabel>Closed Time</fieldlabel>
<readonly>1</readonly>
<presence>2</presence>
<defaultvalue></defaultvalue>
<sequence>18</sequence>
<maximumlength>100</maximumlength>
<typeofdata>DT~O</typeofdata>
<quickcreate>1</quickcreate>
<quickcreatesequence></quickcreatesequence>
<displaytype>2</displaytype>
<info_type>BAS</info_type>
<helpinfo><![CDATA[0]]></helpinfo>
<masseditable>1</masseditable>
<summaryfield>0</summaryfield>
</field>
</fields>
</block>
<block>
<label>LBL_FOOTER_HEADER</label>
<fields>
<field>
<fieldname>moduleid</fieldname>
<uitype>2</uitype>
<columnname>moduleid</columnname>
<tablename>vtiger_osspdf</tablename>
<generatedtype>1</generatedtype>
<fieldlabel>LBL_moduleid</fieldlabel>
<readonly>1</readonly>
<presence>2</presence>
<defaultvalue></defaultvalue>
<sequence>4</sequence>
<maximumlength>100</maximumlength>
<typeofdata>V~M</typeofdata>
<quickcreate>1</quickcreate>
<quickcreatesequence></quickcreatesequence>
<displaytype>1</displaytype>
<info_type>BAS</info_type>
<helpinfo><![CDATA[0]]></helpinfo>
<masseditable>0</masseditable>
<summaryfield>0</summaryfield>
</field>
</fields>
</block>
<block>
<label>HEADER</label>
<fields>
<field>
<fieldname>header_content</fieldname>
<uitype>19</uitype>
<columnname>header_content</columnname>
<tablename>vtiger_osspdf</tablename>
<generatedtype>1</generatedtype>
<fieldlabel>Header Content</fieldlabel>
<readonly>1</readonly>
<presence>2</presence>
<defaultvalue></defaultvalue>
<sequence>7</sequence>
<maximumlength>10000</maximumlength>
<typeofdata>V~O</typeofdata>
<quickcreate>1</quickcreate>
<quickcreatesequence></quickcreatesequence>
<displaytype>1</displaytype>
<info_type>BAS</info_type>
<helpinfo><![CDATA[0]]></helpinfo>
<masseditable>0</masseditable>
<summaryfield>0</summaryfield>
</field>
</fields>
</block>
<block>
<label>CONTENT</label>
<fields>
<field>
<fieldname>content</fieldname>
<uitype>19</uitype>
<columnname>content</columnname>
<tablename>vtiger_osspdf</tablename>
<generatedtype>1</generatedtype>
<fieldlabel>Content</fieldlabel>
<readonly>1</readonly>
<presence>2</presence>
<defaultvalue></defaultvalue>
<sequence>7</sequence>
<maximumlength>10000</maximumlength>
<typeofdata>V~O</typeofdata>
<quickcreate>1</quickcreate>
<quickcreatesequence></quickcreatesequence>
<displaytype>1</displaytype>
<info_type>BAS</info_type>
<helpinfo><![CDATA[0]]></helpinfo>
<masseditable>0</masseditable>
<summaryfield>0</summaryfield>
</field>
</fields>
</block>
<block>
<label>FOOTER</label>
<fields>
<field>
<fieldname>footer_content</fieldname>
<uitype>19</uitype>
<columnname>footer_content</columnname>
<tablename>vtiger_osspdf</tablename>
<generatedtype>1</generatedtype>
<fieldlabel>Footer Content</fieldlabel>
<readonly>1</readonly>
<presence>2</presence>
<defaultvalue></defaultvalue>
<sequence>7</sequence>
<maximumlength>10000</maximumlength>
<typeofdata>V~O</typeofdata>
<quickcreate>1</quickcreate>
<quickcreatesequence></quickcreatesequence>
<displaytype>1</displaytype>
<info_type>BAS</info_type>
<helpinfo><![CDATA[0]]></helpinfo>
<masseditable>0</masseditable>
<summaryfield>0</summaryfield>
</field>
</fields>
</block>
<block>
<label>LBL_CUSTOM_INFORMATION</label>
</block>
<block>
<label>LBL_SHARING_INFORMATION</label>
<fields>
<field>
<fieldname>inheritsharing</fieldname>
<uitype>56</uitype>
<columnname>inheritsharing</columnname>
<tablename>vtiger_crmentity</tablename>
<generatedtype>1</generatedtype>
<fieldlabel>Copy permissions automatically</fieldlabel>
<readonly>1</readonly>
<presence>2</presence>
<defaultvalue></defaultvalue>
<sequence>1</sequence>
<maximumlength>100</maximumlength>
<typeofdata>C~O</typeofdata>
<quickcreate>1</quickcreate>
<quickcreatesequence></quickcreatesequence>
<displaytype>1</displaytype>
<info_type>BAS</info_type>
<helpinfo><![CDATA[0]]></helpinfo>
<masseditable>1</masseditable>
<summaryfield>0</summaryfield>
</field>
<field>
<fieldname>shownerid</fieldname>
<uitype>120</uitype>
<columnname>shownerid</columnname>
<tablename>vtiger_crmentity</tablename>
<generatedtype>1</generatedtype>
<fieldlabel>Share with users</fieldlabel>
<readonly>1</readonly>
<presence>2</presence>
<defaultvalue></defaultvalue>
<sequence>2</sequence>
<maximumlength>100</maximumlength>
<typeofdata>V~O</typeofdata>
<quickcreate>1</quickcreate>
<quickcreatesequence></quickcreatesequence>
<displaytype>1</displaytype>
<info_type>BAS</info_type>
<helpinfo><![CDATA[0]]></helpinfo>
<masseditable>1</masseditable>
<summaryfield>0</summaryfield>
</field>
</fields>
</block>
</blocks>
<customviews>
<customview>
<viewname>All</viewname>
<setdefault>true</setdefault>
<setmetrics>false</setmetrics>
<fields>
<field>
<fieldname>oss_mod_no</fieldname>
<columnindex>0</columnindex>
</field>
<field>
<fieldname>title</fieldname>
<columnindex>1</columnindex>
</field>
<field>
<fieldname>assigned_user_id</fieldname>
<columnindex>3</columnindex>
</field>
</fields>
</customview>
</customviews>
<sharingaccess>
<default>public_readwritedelete</default>
</sharingaccess>
<actions>
<action>
<name><![CDATA[Import]]></name>
<status>enabled</status>
</action>
<action>
<name><![CDATA[Export]]></name>
<status>enabled</status>
</action>
<action>
<name><![CDATA[Merge]]></name>
<status>enabled</status>
</action>
<action>
<name><![CDATA[CreateCustomFilter]]></name>
<status>enabled</status>
</action>
<action>
<name><![CDATA[DuplicateRecord]]></name>
<status>enabled</status>
</action>
</actions>
<customlinks>
<customlink>
<linktype>DETAILVIEWWIDGET</linktype>
<linklabel>WidgetConstraints</linklabel>
<linkurl><![CDATA[module=OSSPdf&view=WidgetConstraints]]></linkurl>
<linkicon><![CDATA[]]></linkicon>
<sequence>0</sequence>
<handler_path><![CDATA[]]></handler_path>
<handler_class><![CDATA[]]></handler_class>
<handler><![CDATA[]]></handler>
</customlink>
<customlink>
<linktype>HEADERSCRIPT</linktype>
<linklabel>PDFUtils</linklabel>
<linkurl><![CDATA[layouts/vlayout/modules/OSSPdf/resources/PDFUtils.js]]></linkurl>
<linkicon><![CDATA[]]></linkicon>
<sequence>0</sequence>
<handler_path><![CDATA[]]></handler_path>
<handler_class><![CDATA[]]></handler_class>
<handler><![CDATA[]]></handler>
</customlink>
</customlinks>
<crons>
</crons>
</module>
