<?xml version='1.0'?>
<module>
<exporttime>2014-12-03 13:10:01</exporttime>
<name>OSSTimeControl</name>
<label>OSSTimeControl</label>
<parent>Human resources</parent>
<version>1.0.4</version>
<dependencies>
<vtiger_version>6.1.0</vtiger_version>
<vtiger_max_version>6.*</vtiger_max_version>
</dependencies>
<tables>
<table>
<name>vtiger_osstimecontrol</name>
<sql><![CDATA[DROP TABLE]]></sql>
</table>
<table>
<name>vtiger_osstimecontrolcf</name>
<sql><![CDATA[DROP TABLE]]></sql>
</table>
</tables>
<blocks>
<block>
<label>LBL_MAIN_INFORMATION</label>
<fields>
<field>
<fieldname>name</fieldname>
<uitype>16</uitype>
<columnname>name</columnname>
<tablename>vtiger_osstimecontrol</tablename>
<generatedtype>1</generatedtype>
<fieldlabel>name</fieldlabel>
<readonly>1</readonly>
<presence>2</presence>
<defaultvalue></defaultvalue>
<sequence>1</sequence>
<maximumlength>100</maximumlength>
<typeofdata>V~M</typeofdata>
<quickcreate>2</quickcreate>
<quickcreatesequence>1</quickcreatesequence>
<displaytype>1</displaytype>
<info_type>BAS</info_type>
<helpinfo><![CDATA[0]]></helpinfo>
<masseditable>1</masseditable>
<summaryfield>1</summaryfield>
<entityidentifier>
<entityidfield>osstimecontrolid</entityidfield>
<entityidcolumn>osstimecontrolid</entityidcolumn>
</entityidentifier>
<picklistvalues>
<picklistvalue>Telephone contact</picklistvalue>
<picklistvalue>Email contact</picklistvalue>
<picklistvalue>Data verification</picklistvalue>
<picklistvalue>Information completing</picklistvalue>
<picklistvalue>Company presentation</picklistvalue>
<picklistvalue>Product/service presentation</picklistvalue>
<picklistvalue>Calculations preparation</picklistvalue>
<picklistvalue>Quote preparation</picklistvalue>
<picklistvalue>Order/Service preparation</picklistvalue>
<picklistvalue>Project preparation</picklistvalue>
<picklistvalue>Task realization</picklistvalue>
<picklistvalue>Event realization</picklistvalue>
<picklistvalue>Support</picklistvalue>
<picklistvalue>Document Verification</picklistvalue>
<picklistvalue>Visits at Organizations</picklistvalue>
<picklistvalue>Trips to Organizations</picklistvalue>
<picklistvalue>Office work</picklistvalue>
<picklistvalue>Administrative work</picklistvalue>
<picklistvalue>Accounting work</picklistvalue>
</picklistvalues>
</field>
<field>
<fieldname>osstimecontrol_no</fieldname>
<uitype>4</uitype>
<columnname>osstimecontrol_no</columnname>
<tablename>vtiger_osstimecontrol</tablename>
<generatedtype>1</generatedtype>
<fieldlabel>No.</fieldlabel>
<readonly>1</readonly>
<presence>2</presence>
<defaultvalue></defaultvalue>
<sequence>2</sequence>
<maximumlength>100</maximumlength>
<typeofdata>V~O</typeofdata>
<quickcreate>1</quickcreate>
<quickcreatesequence></quickcreatesequence>
<displaytype>3</displaytype>
<info_type>BAS</info_type>
<helpinfo><![CDATA[0]]></helpinfo>
<masseditable>1</masseditable>
<summaryfield>1</summaryfield>
</field>
<field>
<fieldname>osstimecontrol_status</fieldname>
<uitype>16</uitype>
<columnname>osstimecontrol_status</columnname>
<tablename>vtiger_osstimecontrol</tablename>
<generatedtype>2</generatedtype>
<fieldlabel>LBL_STATUS</fieldlabel>
<readonly>1</readonly>
<presence>2</presence>
<defaultvalue>To approval</defaultvalue>
<sequence>3</sequence>
<maximumlength>100</maximumlength>
<typeofdata>V~M</typeofdata>
<quickcreate>2</quickcreate>
<quickcreatesequence>7</quickcreatesequence>
<displaytype>1</displaytype>
<info_type>BAS</info_type>
<helpinfo><![CDATA[0]]></helpinfo>
<masseditable>2</masseditable>
<summaryfield>1</summaryfield>
<picklistvalues>
<picklistvalue>Accepted</picklistvalue>
<picklistvalue>To approval</picklistvalue>
</picklistvalues>
</field>
<field>
<fieldname>assigned_user_id</fieldname>
<uitype>53</uitype>
<columnname>smownerid</columnname>
<tablename>vtiger_crmentity</tablename>
<generatedtype>1</generatedtype>
<fieldlabel>Assigned To</fieldlabel>
<readonly>1</readonly>
<presence>2</presence>
<defaultvalue></defaultvalue>
<sequence>9</sequence>
<maximumlength>100</maximumlength>
<typeofdata>V~M</typeofdata>
<quickcreate>1</quickcreate>
<quickcreatesequence>4</quickcreatesequence>
<displaytype>1</displaytype>
<info_type>BAS</info_type>
<helpinfo><![CDATA[0]]></helpinfo>
<masseditable>1</masseditable>
<summaryfield>1</summaryfield>
</field>
<field>
<fieldname>date_start</fieldname>
<uitype>6</uitype>
<columnname>date_start</columnname>
<tablename>vtiger_osstimecontrol</tablename>
<generatedtype>1</generatedtype>
<fieldlabel>Start Date</fieldlabel>
<readonly>1</readonly>
<presence>0</presence>
<defaultvalue></defaultvalue>
<sequence>5</sequence>
<maximumlength>100</maximumlength>
<typeofdata>D~M</typeofdata>
<quickcreate>0</quickcreate>
<quickcreatesequence>11</quickcreatesequence>
<displaytype>1</displaytype>
<info_type>BAS</info_type>
<helpinfo><![CDATA[0]]></helpinfo>
<masseditable>1</masseditable>
<summaryfield>1</summaryfield>
</field>
<field>
<fieldname>time_start</fieldname>
<uitype>2</uitype>
<columnname>time_start</columnname>
<tablename>vtiger_osstimecontrol</tablename>
<generatedtype>1</generatedtype>
<fieldlabel>Time Start</fieldlabel>
<readonly>1</readonly>
<presence>0</presence>
<defaultvalue></defaultvalue>
<sequence>7</sequence>
<maximumlength>100</maximumlength>
<typeofdata>T~M</typeofdata>
<quickcreate>1</quickcreate>
<quickcreatesequence>9</quickcreatesequence>
<displaytype>1</displaytype>
<info_type>BAS</info_type>
<helpinfo><![CDATA[0]]></helpinfo>
<masseditable>1</masseditable>
<summaryfield>1</summaryfield>
</field>
<field>
<fieldname>time_end</fieldname>
<uitype>2</uitype>
<columnname>time_end</columnname>
<tablename>vtiger_osstimecontrol</tablename>
<generatedtype>1</generatedtype>
<fieldlabel>End Time</fieldlabel>
<readonly>1</readonly>
<presence>0</presence>
<defaultvalue></defaultvalue>
<sequence>8</sequence>
<maximumlength>100</maximumlength>
<typeofdata>T~M~OTH~GE~time_start~Time Start</typeofdata>
<quickcreate>1</quickcreate>
<quickcreatesequence>10</quickcreatesequence>
<displaytype>1</displaytype>
<info_type>BAS</info_type>
<helpinfo><![CDATA[0]]></helpinfo>
<masseditable>1</masseditable>
<summaryfield>1</summaryfield>
</field>
<field>
<fieldname>due_date</fieldname>
<uitype>23</uitype>
<columnname>due_date</columnname>
<tablename>vtiger_osstimecontrol</tablename>
<generatedtype>1</generatedtype>
<fieldlabel>End Date</fieldlabel>
<readonly>1</readonly>
<presence>0</presence>
<defaultvalue></defaultvalue>
<sequence>6</sequence>
<maximumlength>100</maximumlength>
<typeofdata>D~M~OTH~GE~date_start~Start Date</typeofdata>
<quickcreate>1</quickcreate>
<quickcreatesequence>12</quickcreatesequence>
<displaytype>1</displaytype>
<info_type>BAS</info_type>
<helpinfo><![CDATA[0]]></helpinfo>
<masseditable>1</masseditable>
<summaryfield>1</summaryfield>
</field>
<field>
<fieldname>sum_time</fieldname>
<uitype>7</uitype>
<columnname>sum_time</columnname>
<tablename>vtiger_osstimecontrol</tablename>
<generatedtype>1</generatedtype>
<fieldlabel>LBL_TOTAL_TIME</fieldlabel>
<readonly>1</readonly>
<presence>2</presence>
<defaultvalue></defaultvalue>
<sequence>10</sequence>
<maximumlength>100</maximumlength>
<typeofdata>NN~O</typeofdata>
<quickcreate>1</quickcreate>
<quickcreatesequence></quickcreatesequence>
<displaytype>1</displaytype>
<info_type>BAS</info_type>
<helpinfo><![CDATA[0]]></helpinfo>
<masseditable>1</masseditable>
<summaryfield>1</summaryfield>
</field>
<field>
<fieldname>payment</fieldname>
<uitype>16</uitype>
<columnname>payment</columnname>
<tablename>vtiger_osstimecontrol</tablename>
<generatedtype>1</generatedtype>
<fieldlabel>Payment</fieldlabel>
<readonly>1</readonly>
<presence>2</presence>
<defaultvalue>W ramach zlecenia</defaultvalue>
<sequence>11</sequence>
<maximumlength>100</maximumlength>
<typeofdata>V~M</typeofdata>
<quickcreate>2</quickcreate>
<quickcreatesequence>6</quickcreatesequence>
<displaytype>1</displaytype>
<info_type>BAS</info_type>
<helpinfo><![CDATA[0]]></helpinfo>
<masseditable>2</masseditable>
<summaryfield>0</summaryfield>
<picklistvalues>
<picklistvalue>As part of the order</picklistvalue>
<picklistvalue>As part of the support</picklistvalue>
<picklistvalue>Extra cost</picklistvalue>
<picklistvalue>Free</picklistvalue>
</picklistvalues>
</field>
<field>
<fieldname>createdtime</fieldname>
<uitype>70</uitype>
<columnname>createdtime</columnname>
<tablename>vtiger_crmentity</tablename>
<generatedtype>1</generatedtype>
<fieldlabel>Created Time</fieldlabel>
<readonly>1</readonly>
<presence>0</presence>
<defaultvalue></defaultvalue>
<sequence>13</sequence>
<maximumlength>100</maximumlength>
<typeofdata>DT~O</typeofdata>
<quickcreate>3</quickcreate>
<quickcreatesequence>2</quickcreatesequence>
<displaytype>2</displaytype>
<info_type>BAS</info_type>
<helpinfo><![CDATA[0]]></helpinfo>
<masseditable>0</masseditable>
<summaryfield>0</summaryfield>
</field>
<field>
<fieldname>modifiedtime</fieldname>
<uitype>70</uitype>
<columnname>modifiedtime</columnname>
<tablename>vtiger_crmentity</tablename>
<generatedtype>1</generatedtype>
<fieldlabel>Modified Time</fieldlabel>
<readonly>1</readonly>
<presence>0</presence>
<defaultvalue></defaultvalue>
<sequence>14</sequence>
<maximumlength>100</maximumlength>
<typeofdata>DT~O</typeofdata>
<quickcreate>3</quickcreate>
<quickcreatesequence>2</quickcreatesequence>
<displaytype>2</displaytype>
<info_type>BAS</info_type>
<helpinfo><![CDATA[0]]></helpinfo>
<masseditable>0</masseditable>
<summaryfield>0</summaryfield>
</field>
</fields>
</block>
<block>
<label>LBL_BLOCK</label>
<fields>
<field>
<fieldname>accountid</fieldname>
<uitype>10</uitype>
<columnname>accountid</columnname>
<tablename>vtiger_osstimecontrol</tablename>
<generatedtype>1</generatedtype>
<fieldlabel>Accounts</fieldlabel>
<readonly>1</readonly>
<presence>2</presence>
<defaultvalue></defaultvalue>
<sequence>1</sequence>
<maximumlength>100</maximumlength>
<typeofdata>V~O</typeofdata>
<quickcreate>1</quickcreate>
<quickcreatesequence></quickcreatesequence>
<displaytype>1</displaytype>
<info_type>BAS</info_type>
<helpinfo><![CDATA[0]]></helpinfo>
<masseditable>1</masseditable>
<summaryfield>0</summaryfield>
<relatedmodules>
<relatedmodule>Accounts</relatedmodule>
</relatedmodules>
</field>
<field>
<fieldname>contactid</fieldname>
<uitype>10</uitype>
<columnname>contactid</columnname>
<tablename>vtiger_osstimecontrol</tablename>
<generatedtype>1</generatedtype>
<fieldlabel>Contacts</fieldlabel>
<readonly>1</readonly>
<presence>2</presence>
<defaultvalue></defaultvalue>
<sequence>3</sequence>
<maximumlength>100</maximumlength>
<typeofdata>V~O</typeofdata>
<quickcreate>1</quickcreate>
<quickcreatesequence></quickcreatesequence>
<displaytype>1</displaytype>
<info_type>BAS</info_type>
<helpinfo><![CDATA[0]]></helpinfo>
<masseditable>1</masseditable>
<summaryfield>0</summaryfield>
<relatedmodules>
<relatedmodule>Contacts</relatedmodule>
</relatedmodules>
</field>
<field>
<fieldname>ticketid</fieldname>
<uitype>10</uitype>
<columnname>ticketid</columnname>
<tablename>vtiger_osstimecontrol</tablename>
<generatedtype>1</generatedtype>
<fieldlabel>HelpDesk</fieldlabel>
<readonly>1</readonly>
<presence>2</presence>
<defaultvalue></defaultvalue>
<sequence>8</sequence>
<maximumlength>100</maximumlength>
<typeofdata>V~O</typeofdata>
<quickcreate>1</quickcreate>
<quickcreatesequence></quickcreatesequence>
<displaytype>1</displaytype>
<info_type>BAS</info_type>
<helpinfo><![CDATA[0]]></helpinfo>
<masseditable>1</masseditable>
<summaryfield>0</summaryfield>
<relatedmodules>
<relatedmodule>HelpDesk</relatedmodule>
</relatedmodules>
</field>
<field>
<fieldname>projectid</fieldname>
<uitype>10</uitype>
<columnname>projectid</columnname>
<tablename>vtiger_osstimecontrol</tablename>
<generatedtype>1</generatedtype>
<fieldlabel>Project</fieldlabel>
<readonly>1</readonly>
<presence>2</presence>
<defaultvalue></defaultvalue>
<sequence>2</sequence>
<maximumlength>100</maximumlength>
<typeofdata>V~O</typeofdata>
<quickcreate>1</quickcreate>
<quickcreatesequence></quickcreatesequence>
<displaytype>1</displaytype>
<info_type>BAS</info_type>
<helpinfo><![CDATA[0]]></helpinfo>
<masseditable>1</masseditable>
<summaryfield>0</summaryfield>
<relatedmodules>
<relatedmodule>Project</relatedmodule>
</relatedmodules>
</field>
<field>
<fieldname>projecttaskid</fieldname>
<uitype>10</uitype>
<columnname>projecttaskid</columnname>
<tablename>vtiger_osstimecontrol</tablename>
<generatedtype>1</generatedtype>
<fieldlabel>ProjectTask</fieldlabel>
<readonly>1</readonly>
<presence>2</presence>
<defaultvalue></defaultvalue>
<sequence>4</sequence>
<maximumlength>100</maximumlength>
<typeofdata>V~O</typeofdata>
<quickcreate>1</quickcreate>
<quickcreatesequence></quickcreatesequence>
<displaytype>1</displaytype>
<info_type>BAS</info_type>
<helpinfo><![CDATA[0]]></helpinfo>
<masseditable>1</masseditable>
<summaryfield>0</summaryfield>
<relatedmodules>
<relatedmodule>ProjectTask</relatedmodule>
</relatedmodules>
</field>
<field>
<fieldname>potentialid</fieldname>
<uitype>10</uitype>
<columnname>potentialid</columnname>
<tablename>vtiger_osstimecontrol</tablename>
<generatedtype>1</generatedtype>
<fieldlabel>Potentials</fieldlabel>
<readonly>1</readonly>
<presence>2</presence>
<defaultvalue></defaultvalue>
<sequence>7</sequence>
<maximumlength>100</maximumlength>
<typeofdata>V~O</typeofdata>
<quickcreate>1</quickcreate>
<quickcreatesequence></quickcreatesequence>
<displaytype>1</displaytype>
<info_type>BAS</info_type>
<helpinfo><![CDATA[0]]></helpinfo>
<masseditable>1</masseditable>
<summaryfield>0</summaryfield>
<relatedmodules>
<relatedmodule>Potentials</relatedmodule>
</relatedmodules>
</field>
<field>
<fieldname>servicecontractsid</fieldname>
<uitype>10</uitype>
<columnname>servicecontractsid</columnname>
<tablename>vtiger_osstimecontrol</tablename>
<generatedtype>1</generatedtype>
<fieldlabel>ServiceContracts</fieldlabel>
<readonly>1</readonly>
<presence>2</presence>
<defaultvalue></defaultvalue>
<sequence>6</sequence>
<maximumlength>100</maximumlength>
<typeofdata>V~O</typeofdata>
<quickcreate>1</quickcreate>
<quickcreatesequence></quickcreatesequence>
<displaytype>1</displaytype>
<info_type>BAS</info_type>
<helpinfo><![CDATA[0]]></helpinfo>
<masseditable>1</masseditable>
<summaryfield>0</summaryfield>
<relatedmodules>
<relatedmodule>ServiceContracts</relatedmodule>
</relatedmodules>
</field>
<field>
<fieldname>quoteid</fieldname>
<uitype>10</uitype>
<columnname>quoteid</columnname>
<tablename>vtiger_osstimecontrol</tablename>
<generatedtype>1</generatedtype>
<fieldlabel>Quotes</fieldlabel>
<readonly>1</readonly>
<presence>2</presence>
<defaultvalue></defaultvalue>
<sequence>9</sequence>
<maximumlength>100</maximumlength>
<typeofdata>V~O</typeofdata>
<quickcreate>1</quickcreate>
<quickcreatesequence></quickcreatesequence>
<displaytype>1</displaytype>
<info_type>BAS</info_type>
<helpinfo><![CDATA[0]]></helpinfo>
<masseditable>1</masseditable>
<summaryfield>0</summaryfield>
<relatedmodules>
<relatedmodule>Quotes</relatedmodule>
</relatedmodules>
</field>
<field>
<fieldname>assetsid</fieldname>
<uitype>10</uitype>
<columnname>assetsid</columnname>
<tablename>vtiger_osstimecontrol</tablename>
<generatedtype>1</generatedtype>
<fieldlabel>Assets</fieldlabel>
<readonly>1</readonly>
<presence>2</presence>
<defaultvalue></defaultvalue>
<sequence>10</sequence>
<maximumlength>100</maximumlength>
<typeofdata>V~O</typeofdata>
<quickcreate>1</quickcreate>
<quickcreatesequence></quickcreatesequence>
<displaytype>1</displaytype>
<info_type>BAS</info_type>
<helpinfo><![CDATA[0]]></helpinfo>
<masseditable>1</masseditable>
<summaryfield>0</summaryfield>
<relatedmodules>
<relatedmodule>Assets</relatedmodule>
</relatedmodules>
</field>
<field>
<fieldname>salesorderid</fieldname>
<uitype>10</uitype>
<columnname>salesorderid</columnname>
<tablename>vtiger_osstimecontrol</tablename>
<generatedtype>1</generatedtype>
<fieldlabel>SalesOrder</fieldlabel>
<readonly>1</readonly>
<presence>2</presence>
<defaultvalue></defaultvalue>
<sequence>11</sequence>
<maximumlength>100</maximumlength>
<typeofdata>V~O</typeofdata>
<quickcreate>1</quickcreate>
<quickcreatesequence></quickcreatesequence>
<displaytype>1</displaytype>
<info_type>BAS</info_type>
<helpinfo><![CDATA[0]]></helpinfo>
<masseditable>1</masseditable>
<summaryfield>0</summaryfield>
<relatedmodules>
<relatedmodule>SalesOrder</relatedmodule>
</relatedmodules>
</field>
<field>
<fieldname>calculationsid</fieldname>
<uitype>10</uitype>
<columnname>calculationsid</columnname>
<tablename>vtiger_osstimecontrol</tablename>
<generatedtype>1</generatedtype>
<fieldlabel>Calculations</fieldlabel>
<readonly>1</readonly>
<presence>2</presence>
<defaultvalue></defaultvalue>
<sequence>12</sequence>
<maximumlength>100</maximumlength>
<typeofdata>V~O</typeofdata>
<quickcreate>1</quickcreate>
<quickcreatesequence></quickcreatesequence>
<displaytype>1</displaytype>
<info_type>BAS</info_type>
<helpinfo><![CDATA[0]]></helpinfo>
<masseditable>1</masseditable>
<summaryfield>0</summaryfield>
<relatedmodules>
<relatedmodule>Calculations</relatedmodule>
</relatedmodules>
</field>
<field>
<fieldname>leadid</fieldname>
<uitype>10</uitype>
<columnname>leadid</columnname>
<tablename>vtiger_osstimecontrol</tablename>
<generatedtype>2</generatedtype>
<fieldlabel>Leads</fieldlabel>
<readonly>1</readonly>
<presence>2</presence>
<defaultvalue></defaultvalue>
<sequence>5</sequence>
<maximumlength>100</maximumlength>
<typeofdata>V~O</typeofdata>
<quickcreate>1</quickcreate>
<quickcreatesequence></quickcreatesequence>
<displaytype>1</displaytype>
<info_type>BAS</info_type>
<helpinfo><![CDATA[0]]></helpinfo>
<masseditable>1</masseditable>
<summaryfield>0</summaryfield>
<relatedmodules>
<relatedmodule>Leads</relatedmodule>
</relatedmodules>
</field>
</fields>
</block>
<block>
<label>LBL_DESCRIPTION_INFORMATION</label>
<fields>
<field>
<fieldname>description</fieldname>
<uitype>300</uitype>
<columnname>description</columnname>
<tablename>vtiger_crmentity</tablename>
<generatedtype>2</generatedtype>
<fieldlabel>Description</fieldlabel>
<readonly>1</readonly>
<presence>2</presence>
<defaultvalue></defaultvalue>
<sequence>1</sequence>
<maximumlength>100</maximumlength>
<typeofdata>V~O</typeofdata>
<quickcreate>2</quickcreate>
<quickcreatesequence>13</quickcreatesequence>
<displaytype>1</displaytype>
<info_type>BAS</info_type>
<helpinfo><![CDATA[0]]></helpinfo>
<masseditable>1</masseditable>
<summaryfield>0</summaryfield>
</field>
<field>
<fieldname>attention</fieldname>
<uitype>300</uitype>
<columnname>attention</columnname>
<tablename>vtiger_crmentity</tablename>
<generatedtype>2</generatedtype>
<fieldlabel>Attention</fieldlabel>
<readonly>1</readonly>
<presence>2</presence>
<defaultvalue></defaultvalue>
<sequence>2</sequence>
<maximumlength>100</maximumlength>
<typeofdata>V~O</typeofdata>
<quickcreate>1</quickcreate>
<quickcreatesequence></quickcreatesequence>
<displaytype>1</displaytype>
<info_type>BAS</info_type>
<helpinfo><![CDATA[0]]></helpinfo>
<masseditable>1</masseditable>
<summaryfield>0</summaryfield>
</field>
</fields>
</block>
</blocks>
<customviews>
<customview>
<viewname>All</viewname>
<setdefault>true</setdefault>
<setmetrics>false</setmetrics>
<fields>
<field>
<fieldname>osstimecontrol_no</fieldname>
<columnindex>0</columnindex>
</field>
<field>
<fieldname>name</fieldname>
<columnindex>1</columnindex>
</field>
<field>
<fieldname>date_start</fieldname>
<columnindex>2</columnindex>
</field>
<field>
<fieldname>time_start</fieldname>
<columnindex>3</columnindex>
</field>
<field>
<fieldname>due_date</fieldname>
<columnindex>4</columnindex>
</field>
<field>
<fieldname>time_end</fieldname>
<columnindex>5</columnindex>
</field>
<field>
<fieldname>assigned_user_id</fieldname>
<columnindex>6</columnindex>
</field>
</fields>
</customview>
</customviews>
<sharingaccess>
<default>public_readwritedelete</default>
</sharingaccess>
<actions>
<action>
<name><![CDATA[Import]]></name>
<status>enabled</status>
</action>
<action>
<name><![CDATA[Export]]></name>
<status>enabled</status>
</action>
<action>
<name><![CDATA[Merge]]></name>
<status>enabled</status>
</action>
<action>
<name><![CDATA[CreateCustomFilter]]></name>
<status>enabled</status>
</action>
<action>
<name><![CDATA[DuplicateRecord]]></name>
<status>enabled</status>
</action>
</actions>
<relatedlists>
<relatedlist>
<function>get_attachments</function>
<label>Documents</label>
<sequence>1</sequence>
<presence>0</presence>
<actions>
<action>ADD</action>
<action>SELECT</action>
</actions>
<relatedmodule>Documents</relatedmodule>
</relatedlist>
</relatedlists>
<customlinks>
<customlink>
<linktype>DETAILVIEWWIDGET</linktype>
<linklabel>DetailViewBlockCommentWidget</linklabel>
<linkurl><![CDATA[block://ModComments:modules/ModComments/ModComments.php]]></linkurl>
<linkicon><![CDATA[]]></linkicon>
<sequence>0</sequence>
<handler_path><![CDATA[]]></handler_path>
<handler_class><![CDATA[]]></handler_class>
<handler><![CDATA[]]></handler>
</customlink>
</customlinks>
<crons>
</crons>
</module>
