<?xml version='1.0'?>
<module>
<exporttime>2015-02-10 09:24:21</exporttime>
<name>OutsourcedProducts</name>
<label>OutsourcedProducts</label>
<parent>Databases</parent>
<version>1.0</version>
<dependencies>
<vtiger_version>6.0.0</vtiger_version>
</dependencies>
<tables>
<table>
<name>vtiger_outsourcedproducts</name>
<sql><![CDATA[DROP TABLE]]></sql>
</table>
<table>
<name>vtiger_outsourcedproductscf</name>
<sql><![CDATA[DROP TABLE]]></sql>
</table>
</tables>
<blocks>
<block>
<label>LBL_INFORMATION</label>
<fields>
<field>
<fieldname>productname</fieldname>
<uitype>1</uitype>
<columnname>productname</columnname>
<tablename>vtiger_outsourcedproducts</tablename>
<generatedtype>1</generatedtype>
<fieldlabel>Product Name</fieldlabel>
<readonly>1</readonly>
<presence>2</presence>
<defaultvalue></defaultvalue>
<sequence>1</sequence>
<maximumlength>100</maximumlength>
<typeofdata>V~M</typeofdata>
<quickcreate>2</quickcreate>
<quickcreatesequence>1</quickcreatesequence>
<displaytype>1</displaytype>
<info_type>BAS</info_type>
<helpinfo><![CDATA[0]]></helpinfo>
<masseditable>1</masseditable>
<summaryfield>1</summaryfield>
<entityidentifier>
<entityidfield>outsourcedproductsid</entityidfield>
<entityidcolumn>outsourcedproductsid</entityidcolumn>
</entityidentifier>
</field>
<field>
<fieldname>oproductstatus</fieldname>
<uitype>15</uitype>
<columnname>oproductstatus</columnname>
<tablename>vtiger_outsourcedproducts</tablename>
<generatedtype>2</generatedtype>
<fieldlabel>Status</fieldlabel>
<readonly>1</readonly>
<presence>2</presence>
<defaultvalue></defaultvalue>
<sequence>2</sequence>
<maximumlength>100</maximumlength>
<typeofdata>V~O</typeofdata>
<quickcreate>2</quickcreate>
<quickcreatesequence>3</quickcreatesequence>
<displaytype>1</displaytype>
<info_type>BAS</info_type>
<helpinfo><![CDATA[0]]></helpinfo>
<masseditable>1</masseditable>
<summaryfield>1</summaryfield>
<picklistvalues>
<picklistvalue>Active</picklistvalue>
<picklistvalue>Inactive</picklistvalue>
</picklistvalues>
</field>
<field>
<fieldname>datesold</fieldname>
<uitype>5</uitype>
<columnname>datesold</columnname>
<tablename>vtiger_outsourcedproducts</tablename>
<generatedtype>1</generatedtype>
<fieldlabel>Date Sold</fieldlabel>
<readonly>1</readonly>
<presence>2</presence>
<defaultvalue></defaultvalue>
<sequence>3</sequence>
<maximumlength>100</maximumlength>
<typeofdata>D~O</typeofdata>
<quickcreate>2</quickcreate>
<quickcreatesequence>9</quickcreatesequence>
<displaytype>1</displaytype>
<info_type>BAS</info_type>
<helpinfo><![CDATA[0]]></helpinfo>
<masseditable>1</masseditable>
<summaryfield>1</summaryfield>
</field>
<field>
<fieldname>dateinservice</fieldname>
<uitype>5</uitype>
<columnname>dateinservice</columnname>
<tablename>vtiger_outsourcedproducts</tablename>
<generatedtype>2</generatedtype>
<fieldlabel>Date in Service</fieldlabel>
<readonly>1</readonly>
<presence>2</presence>
<defaultvalue></defaultvalue>
<sequence>5</sequence>
<maximumlength>100</maximumlength>
<typeofdata>D~O</typeofdata>
<quickcreate>2</quickcreate>
<quickcreatesequence>10</quickcreatesequence>
<displaytype>1</displaytype>
<info_type>BAS</info_type>
<helpinfo><![CDATA[0]]></helpinfo>
<masseditable>1</masseditable>
<summaryfield>1</summaryfield>
</field>
<field>
<fieldname>pscategory</fieldname>
<uitype>302</uitype>
<columnname>pscategory</columnname>
<tablename>vtiger_outsourcedproducts</tablename>
<generatedtype>2</generatedtype>
<fieldlabel>Category</fieldlabel>
<readonly>1</readonly>
<presence>2</presence>
<defaultvalue></defaultvalue>
<sequence>17</sequence>
<maximumlength>100</maximumlength>
<typeofdata>V~O</typeofdata>
<quickcreate>2</quickcreate>
<quickcreatesequence>5</quickcreatesequence>
<displaytype>1</displaytype>
<info_type>BAS</info_type>
<helpinfo><![CDATA[0]]></helpinfo>
<masseditable>1</masseditable>
<summaryfield>1</summaryfield>
</field>
<field>
<fieldname>wherebought</fieldname>
<uitype>1</uitype>
<columnname>wherebought</columnname>
<tablename>vtiger_outsourcedproducts</tablename>
<generatedtype>2</generatedtype>
<fieldlabel>Where bought</fieldlabel>
<readonly>1</readonly>
<presence>2</presence>
<defaultvalue></defaultvalue>
<sequence>22</sequence>
<maximumlength>100</maximumlength>
<typeofdata>V~O</typeofdata>
<quickcreate>1</quickcreate>
<quickcreatesequence></quickcreatesequence>
<displaytype>1</displaytype>
<info_type>BAS</info_type>
<helpinfo><![CDATA[0]]></helpinfo>
<masseditable>1</masseditable>
<summaryfield>0</summaryfield>
</field>
<field>
<fieldname>prodcount</fieldname>
<uitype>7</uitype>
<columnname>prodcount</columnname>
<tablename>vtiger_outsourcedproducts</tablename>
<generatedtype>2</generatedtype>
<fieldlabel>Quantity</fieldlabel>
<readonly>1</readonly>
<presence>2</presence>
<defaultvalue></defaultvalue>
<sequence>23</sequence>
<maximumlength>100</maximumlength>
<typeofdata>I~O</typeofdata>
<quickcreate>1</quickcreate>
<quickcreatesequence></quickcreatesequence>
<displaytype>1</displaytype>
<info_type>BAS</info_type>
<helpinfo><![CDATA[0]]></helpinfo>
<masseditable>1</masseditable>
<summaryfield>0</summaryfield>
</field>
<field>
<fieldname>contact</fieldname>
<uitype>10</uitype>
<columnname>contact</columnname>
<tablename>vtiger_outsourcedproducts</tablename>
<generatedtype>1</generatedtype>
<fieldlabel>Contact Name</fieldlabel>
<readonly>1</readonly>
<presence>2</presence>
<defaultvalue></defaultvalue>
<sequence>26</sequence>
<maximumlength>100</maximumlength>
<typeofdata>I~O</typeofdata>
<quickcreate>2</quickcreate>
<quickcreatesequence>6</quickcreatesequence>
<displaytype>1</displaytype>
<info_type>BAS</info_type>
<helpinfo><![CDATA[0]]></helpinfo>
<masseditable>1</masseditable>
<summaryfield>1</summaryfield>
<relatedmodules>
<relatedmodule>Contacts</relatedmodule>
</relatedmodules>
</field>
<field>
<fieldname>potential</fieldname>
<uitype>10</uitype>
<columnname>potential</columnname>
<tablename>vtiger_outsourcedproducts</tablename>
<generatedtype>1</generatedtype>
<fieldlabel>Selling proposition</fieldlabel>
<readonly>1</readonly>
<presence>2</presence>
<defaultvalue></defaultvalue>
<sequence>28</sequence>
<maximumlength>100</maximumlength>
<typeofdata>I~O</typeofdata>
<quickcreate>2</quickcreate>
<quickcreatesequence>4</quickcreatesequence>
<displaytype>1</displaytype>
<info_type>BAS</info_type>
<helpinfo><![CDATA[0]]></helpinfo>
<masseditable>1</masseditable>
<summaryfield>0</summaryfield>
<relatedmodules>
<relatedmodule>Potentials</relatedmodule>
</relatedmodules>
</field>
<field>
<fieldname>parent_id</fieldname>
<uitype>10</uitype>
<columnname>parent_id</columnname>
<tablename>vtiger_outsourcedproducts</tablename>
<generatedtype>2</generatedtype>
<fieldlabel>Parent ID</fieldlabel>
<readonly>1</readonly>
<presence>2</presence>
<defaultvalue></defaultvalue>
<sequence>29</sequence>
<maximumlength>100</maximumlength>
<typeofdata>V~M</typeofdata>
<quickcreate>2</quickcreate>
<quickcreatesequence>2</quickcreatesequence>
<displaytype>1</displaytype>
<info_type>BAS</info_type>
<helpinfo><![CDATA[0]]></helpinfo>
<masseditable>1</masseditable>
<summaryfield>0</summaryfield>
<relatedmodules>
<relatedmodule>Accounts</relatedmodule>
<relatedmodule>Leads</relatedmodule>
<relatedmodule>Contacts</relatedmodule>
</relatedmodules>
</field>
</fields>
</block>
<block>
<label>LBL_CUSTOM_INFORMATION</label>
<fields>
<field>
<fieldname>asset_no</fieldname>
<uitype>4</uitype>
<columnname>asset_no</columnname>
<tablename>vtiger_outsourcedproducts</tablename>
<generatedtype>1</generatedtype>
<fieldlabel>Number</fieldlabel>
<readonly>1</readonly>
<presence>2</presence>
<defaultvalue></defaultvalue>
<sequence>1</sequence>
<maximumlength>100</maximumlength>
<typeofdata>V~O</typeofdata>
<quickcreate>0</quickcreate>
<quickcreatesequence>0</quickcreatesequence>
<displaytype>1</displaytype>
<info_type>BAS</info_type>
<helpinfo><![CDATA[0]]></helpinfo>
<masseditable>0</masseditable>
<summaryfield>0</summaryfield>
</field>
<field>
<fieldname>assigned_user_id</fieldname>
<uitype>53</uitype>
<columnname>smownerid</columnname>
<tablename>vtiger_crmentity</tablename>
<generatedtype>1</generatedtype>
<fieldlabel>Assigned To</fieldlabel>
<readonly>1</readonly>
<presence>2</presence>
<defaultvalue></defaultvalue>
<sequence>1</sequence>
<maximumlength>100</maximumlength>
<typeofdata>V~M</typeofdata>
<quickcreate>1</quickcreate>
<quickcreatesequence>8</quickcreatesequence>
<displaytype>1</displaytype>
<info_type>BAS</info_type>
<helpinfo><![CDATA[0]]></helpinfo>
<masseditable>1</masseditable>
<summaryfield>0</summaryfield>
</field>
<field>
<fieldname>createdtime</fieldname>
<uitype>70</uitype>
<columnname>createdtime</columnname>
<tablename>vtiger_crmentity</tablename>
<generatedtype>1</generatedtype>
<fieldlabel>Created Time</fieldlabel>
<readonly>1</readonly>
<presence>0</presence>
<defaultvalue></defaultvalue>
<sequence>4</sequence>
<maximumlength>100</maximumlength>
<typeofdata>DT~O</typeofdata>
<quickcreate>3</quickcreate>
<quickcreatesequence>0</quickcreatesequence>
<displaytype>2</displaytype>
<info_type>BAS</info_type>
<helpinfo><![CDATA[0]]></helpinfo>
<masseditable>0</masseditable>
<summaryfield>0</summaryfield>
</field>
<field>
<fieldname>modifiedtime</fieldname>
<uitype>70</uitype>
<columnname>modifiedtime</columnname>
<tablename>vtiger_crmentity</tablename>
<generatedtype>1</generatedtype>
<fieldlabel>Modified Time</fieldlabel>
<readonly>1</readonly>
<presence>0</presence>
<defaultvalue></defaultvalue>
<sequence>3</sequence>
<maximumlength>100</maximumlength>
<typeofdata>DT~O</typeofdata>
<quickcreate>3</quickcreate>
<quickcreatesequence>0</quickcreatesequence>
<displaytype>2</displaytype>
<info_type>BAS</info_type>
<helpinfo><![CDATA[0]]></helpinfo>
<masseditable>0</masseditable>
<summaryfield>0</summaryfield>
</field>
<field>
<fieldname>modifiedby</fieldname>
<uitype>52</uitype>
<columnname>modifiedby</columnname>
<tablename>vtiger_crmentity</tablename>
<generatedtype>1</generatedtype>
<fieldlabel>Last Modified By</fieldlabel>
<readonly>1</readonly>
<presence>0</presence>
<defaultvalue></defaultvalue>
<sequence>4</sequence>
<maximumlength>100</maximumlength>
<typeofdata>V~O</typeofdata>
<quickcreate>3</quickcreate>
<quickcreatesequence>0</quickcreatesequence>
<displaytype>3</displaytype>
<info_type>BAS</info_type>
<helpinfo><![CDATA[0]]></helpinfo>
<masseditable>0</masseditable>
<summaryfield>0</summaryfield>
</field>
<field>
<fieldname>closedtime</fieldname>
<uitype>70</uitype>
<columnname>closedtime</columnname>
<tablename>vtiger_crmentity</tablename>
<generatedtype>1</generatedtype>
<fieldlabel>Closed Time</fieldlabel>
<readonly>1</readonly>
<presence>2</presence>
<defaultvalue></defaultvalue>
<sequence>5</sequence>
<maximumlength>100</maximumlength>
<typeofdata>DT~O</typeofdata>
<quickcreate>1</quickcreate>
<quickcreatesequence></quickcreatesequence>
<displaytype>2</displaytype>
<info_type>BAS</info_type>
<helpinfo><![CDATA[0]]></helpinfo>
<masseditable>1</masseditable>
<summaryfield>0</summaryfield>
</field>
</fields>
</block>
<block>
<label>LBL_DESCRIPTION_INFORMATION</label>
<fields>
<field>
<fieldname>description</fieldname>
<uitype>300</uitype>
<columnname>description</columnname>
<tablename>vtiger_crmentity</tablename>
<generatedtype>1</generatedtype>
<fieldlabel>Description</fieldlabel>
<readonly>1</readonly>
<presence>2</presence>
<defaultvalue></defaultvalue>
<sequence>1</sequence>
<maximumlength>100</maximumlength>
<typeofdata>V~O</typeofdata>
<quickcreate>1</quickcreate>
<quickcreatesequence></quickcreatesequence>
<displaytype>1</displaytype>
<info_type>BAS</info_type>
<helpinfo><![CDATA[0]]></helpinfo>
<masseditable>1</masseditable>
<summaryfield>0</summaryfield>
</field>
</fields>
</block>
<block>
<label>LBL_SHARING_INFORMATION</label>
<fields>
<field>
<fieldname>inheritsharing</fieldname>
<uitype>56</uitype>
<columnname>inheritsharing</columnname>
<tablename>vtiger_crmentity</tablename>
<generatedtype>1</generatedtype>
<fieldlabel>Copy permissions automatically</fieldlabel>
<readonly>1</readonly>
<presence>2</presence>
<defaultvalue></defaultvalue>
<sequence>1</sequence>
<maximumlength>100</maximumlength>
<typeofdata>C~O</typeofdata>
<quickcreate>1</quickcreate>
<quickcreatesequence></quickcreatesequence>
<displaytype>1</displaytype>
<info_type>BAS</info_type>
<helpinfo><![CDATA[0]]></helpinfo>
<masseditable>1</masseditable>
<summaryfield>0</summaryfield>
</field>
<field>
<fieldname>shownerid</fieldname>
<uitype>120</uitype>
<columnname>shownerid</columnname>
<tablename>vtiger_crmentity</tablename>
<generatedtype>1</generatedtype>
<fieldlabel>Share with users</fieldlabel>
<readonly>1</readonly>
<presence>2</presence>
<defaultvalue></defaultvalue>
<sequence>2</sequence>
<maximumlength>100</maximumlength>
<typeofdata>V~O</typeofdata>
<quickcreate>1</quickcreate>
<quickcreatesequence></quickcreatesequence>
<displaytype>1</displaytype>
<info_type>BAS</info_type>
<helpinfo><![CDATA[0]]></helpinfo>
<masseditable>1</masseditable>
<summaryfield>0</summaryfield>
</field>
</fields>
</block>
</blocks>
<customviews>
<customview>
<viewname>All</viewname>
<setdefault>true</setdefault>
<setmetrics>false</setmetrics>
<fields>
<field>
<fieldname>productname</fieldname>
<columnindex>0</columnindex>
</field>
<field>
<fieldname>oproductstatus</fieldname>
<columnindex>1</columnindex>
</field>
<field>
<fieldname>pscategory</fieldname>
<columnindex>2</columnindex>
</field>
<field>
<fieldname>parent_id</fieldname>
<columnindex>4</columnindex>
</field>
<field>
<fieldname>potential</fieldname>
<columnindex>5</columnindex>
</field>
<field>
<fieldname>dateinservice</fieldname>
<columnindex>6</columnindex>
</field>
</fields>
</customview>
</customviews>
<sharingaccess>
<default>public_readwritedelete</default>
</sharingaccess>
<actions>
<action>
<name><![CDATA[Import]]></name>
<status>enabled</status>
</action>
<action>
<name><![CDATA[Export]]></name>
<status>enabled</status>
</action>
<action>
<name><![CDATA[Merge]]></name>
<status>enabled</status>
</action>
<action>
<name><![CDATA[CreateCustomFilter]]></name>
<status>enabled</status>
</action>
<action>
<name><![CDATA[DuplicateRecord]]></name>
<status>enabled</status>
</action>
</actions>
<customlinks>
<customlink>
<linktype>DETAILVIEWBASIC</linktype>
<linklabel>View History</linklabel>
<linkurl><![CDATA[javascript:ModTrackerCommon.showhistory('$RECORD$')]]></linkurl>
<linkicon><![CDATA[]]></linkicon>
<sequence>1</sequence>
<handler_path><![CDATA[]]></handler_path>
<handler_class><![CDATA[]]></handler_class>
<handler><![CDATA[]]></handler>
</customlink>
</customlinks>
<crons>
</crons>
</module>
