<?xml version='1.0'?>
<module>
<exporttime>2015-12-29 15:51:38</exporttime>
<name>Competition</name>
<label>Competition</label>
<dependencies>
<vtiger_version>2.4.0</vtiger_version>
</dependencies>
<tables>
<table>
<name>u_yf_competition</name>
<sql><![CDATA[CREATE TABLE `u_yf_competition` (
  `competitionid` int(19) NOT NULL DEFAULT '0',
  `competition_no` varchar(255) DEFAULT '',
  `subject` varchar(255) DEFAULT NULL,
  `vat_id` varchar(30) DEFAULT NULL,
  PRIMARY KEY (`competitionid`),
  CONSTRAINT `fk_1_u_yf_competition` FOREIGN KEY (`competitionid`) REFERENCES `vtiger_crmentity` (`crmid`) ON DELETE CASCADE
) ENGINE=InnoDB DEFAULT CHARSET=utf8]]></sql>
</table>
<table>
<name>u_yf_competitioncf</name>
<sql><![CDATA[CREATE TABLE `u_yf_competitioncf` (
  `competitionid` int(19) NOT NULL,
  PRIMARY KEY (`competitionid`),
  CONSTRAINT `fk_1_u_yf_competitioncf` FOREIGN KEY (`competitionid`) REFERENCES `u_yf_competition` (`competitionid`) ON DELETE CASCADE
) ENGINE=InnoDB DEFAULT CHARSET=utf8]]></sql>
</table>
<table>
<name>u_yf_competition_address</name>
<sql><![CDATA[CREATE TABLE `u_yf_competition_address` (
  `competitionaddressid` int(19) NOT NULL,
  `addresslevel1a` varchar(255) DEFAULT NULL,
  `addresslevel2a` varchar(255) DEFAULT NULL,
  `addresslevel3a` varchar(255) DEFAULT NULL,
  `addresslevel4a` varchar(255) DEFAULT NULL,
  `addresslevel5a` varchar(255) DEFAULT NULL,
  `addresslevel6a` varchar(255) DEFAULT NULL,
  `addresslevel7a` varchar(255) DEFAULT NULL,
  `addresslevel8a` varchar(255) DEFAULT NULL,
  `buildingnumbera` varchar(100) DEFAULT NULL,
  `localnumbera` varchar(100) DEFAULT NULL,
  `poboxa` varchar(50) DEFAULT NULL,
  PRIMARY KEY (`competitionaddressid`),
  CONSTRAINT `u_yf_competition_address_ibfk_1` FOREIGN KEY (`competitionaddressid`) REFERENCES `u_yf_competition` (`competitionid`) ON DELETE CASCADE
) ENGINE=InnoDB DEFAULT CHARSET=utf8]]></sql>
</table>
</tables>
<blocks>
<block>
<label>LBL_COMPETITION_INFORMATION</label>
<sequence>1</sequence>
<show_title>0</show_title>
<visible>0</visible>
<create_view>0</create_view>
<edit_view>0</edit_view>
<detail_view>0</detail_view>
<display_status>1</display_status>
<iscustom>0</iscustom>
<islist></islist>
<fields>
<field>
<fieldname>subject</fieldname>
<uitype>2</uitype>
<columnname>subject</columnname>
<columntype>varchar(255)</columntype>
<tablename>u_yf_competition</tablename>
<generatedtype>1</generatedtype>
<fieldlabel>LBL_SUBJECT</fieldlabel>
<readonly>1</readonly>
<presence>2</presence>
<defaultvalue></defaultvalue>
<sequence>1</sequence>
<maximumlength>100</maximumlength>
<typeofdata>V~M</typeofdata>
<quickcreate>1</quickcreate>
<quickcreatesequence></quickcreatesequence>
<displaytype>1</displaytype>
<info_type>BAS</info_type>
<fieldparams></fieldparams>
<helpinfo></helpinfo>
<masseditable>0</masseditable>
<summaryfield>1</summaryfield>
<entityidentifier>
<entityidfield>competitionid</entityidfield>
<entityidcolumn>competitionid</entityidcolumn>
</entityidentifier>
</field>
<field>
<fieldname>vat_id</fieldname>
<uitype>1</uitype>
<columnname>vat_id</columnname>
<columntype>varchar(30)</columntype>
<tablename>u_yf_competition</tablename>
<generatedtype>1</generatedtype>
<fieldlabel>LBL_VAT_ID</fieldlabel>
<readonly>1</readonly>
<presence>2</presence>
<defaultvalue></defaultvalue>
<sequence>2</sequence>
<maximumlength>100</maximumlength>
<typeofdata>V~O</typeofdata>
<quickcreate>1</quickcreate>
<quickcreatesequence></quickcreatesequence>
<displaytype>1</displaytype>
<info_type>BAS</info_type>
<fieldparams></fieldparams>
<helpinfo></helpinfo>
<masseditable>0</masseditable>
<summaryfield>1</summaryfield>
</field>
<field>
<fieldname>assigned_user_id</fieldname>
<uitype>53</uitype>
<columnname>smownerid</columnname>
<columntype>int(19)</columntype>
<tablename>vtiger_crmentity</tablename>
<generatedtype>1</generatedtype>
<fieldlabel>Assigned To</fieldlabel>
<readonly>1</readonly>
<presence>2</presence>
<defaultvalue></defaultvalue>
<sequence>3</sequence>
<maximumlength>100</maximumlength>
<typeofdata>V~M</typeofdata>
<quickcreate>1</quickcreate>
<quickcreatesequence></quickcreatesequence>
<displaytype>1</displaytype>
<info_type>BAS</info_type>
<fieldparams></fieldparams>
<helpinfo></helpinfo>
<masseditable>1</masseditable>
<summaryfield>1</summaryfield>
</field>
<field>
<fieldname>shownerid</fieldname>
<uitype>120</uitype>
<columnname>shownerid</columnname>
<columntype>tinyint(1)</columntype>
<tablename>vtiger_crmentity</tablename>
<generatedtype>1</generatedtype>
<fieldlabel>Share with users</fieldlabel>
<readonly>1</readonly>
<presence>2</presence>
<defaultvalue></defaultvalue>
<sequence>4</sequence>
<maximumlength>100</maximumlength>
<typeofdata>V~O</typeofdata>
<quickcreate>1</quickcreate>
<quickcreatesequence></quickcreatesequence>
<displaytype>1</displaytype>
<info_type>BAS</info_type>
<fieldparams></fieldparams>
<helpinfo></helpinfo>
<masseditable>1</masseditable>
<summaryfield>0</summaryfield>
</field>
</fields>
</block>
<block>
<label>LBL_CUSTOM_INFORMATION</label>
<sequence>2</sequence>
<show_title>0</show_title>
<visible>0</visible>
<create_view>0</create_view>
<edit_view>0</edit_view>
<detail_view>0</detail_view>
<display_status>1</display_status>
<iscustom>1</iscustom>
<islist></islist>
<fields>
<field>
<fieldname>competition_no</fieldname>
<uitype>4</uitype>
<columnname>competition_no</columnname>
<columntype>varchar(255)</columntype>
<tablename>u_yf_competition</tablename>
<generatedtype>1</generatedtype>
<fieldlabel>LBL_NUMBER</fieldlabel>
<readonly>1</readonly>
<presence>2</presence>
<defaultvalue></defaultvalue>
<sequence>2</sequence>
<maximumlength>100</maximumlength>
<typeofdata>V~O</typeofdata>
<quickcreate>1</quickcreate>
<quickcreatesequence></quickcreatesequence>
<displaytype>3</displaytype>
<info_type>BAS</info_type>
<fieldparams></fieldparams>
<helpinfo></helpinfo>
<masseditable>0</masseditable>
<summaryfield>0</summaryfield>
</field>
<field>
<fieldname>createdtime</fieldname>
<uitype>70</uitype>
<columnname>createdtime</columnname>
<columntype>datetime</columntype>
<tablename>vtiger_crmentity</tablename>
<generatedtype>1</generatedtype>
<fieldlabel>Created Time</fieldlabel>
<readonly>1</readonly>
<presence>2</presence>
<defaultvalue></defaultvalue>
<sequence>1</sequence>
<maximumlength>100</maximumlength>
<typeofdata>DT~O</typeofdata>
<quickcreate>1</quickcreate>
<quickcreatesequence></quickcreatesequence>
<displaytype>2</displaytype>
<info_type>BAS</info_type>
<fieldparams></fieldparams>
<helpinfo></helpinfo>
<masseditable>1</masseditable>
<summaryfield>1</summaryfield>
</field>
<field>
<fieldname>modifiedtime</fieldname>
<uitype>70</uitype>
<columnname>modifiedtime</columnname>
<columntype>datetime</columntype>
<tablename>vtiger_crmentity</tablename>
<generatedtype>1</generatedtype>
<fieldlabel>Modified Time</fieldlabel>
<readonly>1</readonly>
<presence>2</presence>
<defaultvalue></defaultvalue>
<sequence>3</sequence>
<maximumlength>100</maximumlength>
<typeofdata>DT~O</typeofdata>
<quickcreate>1</quickcreate>
<quickcreatesequence></quickcreatesequence>
<displaytype>2</displaytype>
<info_type>BAS</info_type>
<fieldparams></fieldparams>
<helpinfo></helpinfo>
<masseditable>0</masseditable>
<summaryfield>0</summaryfield>
</field>
<field>
<fieldname>closedtime</fieldname>
<uitype>70</uitype>
<columnname>closedtime</columnname>
<columntype>datetime</columntype>
<tablename>vtiger_crmentity</tablename>
<generatedtype>1</generatedtype>
<fieldlabel>LBL_CLOSED_TIME</fieldlabel>
<readonly>1</readonly>
<presence>2</presence>
<defaultvalue></defaultvalue>
<sequence>4</sequence>
<maximumlength>100</maximumlength>
<typeofdata>DT~O</typeofdata>
<quickcreate>1</quickcreate>
<quickcreatesequence></quickcreatesequence>
<displaytype>2</displaytype>
<info_type>BAS</info_type>
<fieldparams></fieldparams>
<helpinfo></helpinfo>
<masseditable>1</masseditable>
<summaryfield>0</summaryfield>
</field>
</fields>
</block>
<block>
<label>LBL_ADDRESS_INFORMATION</label>
<sequence>3</sequence>
<show_title>0</show_title>
<visible>0</visible>
<create_view>0</create_view>
<edit_view>0</edit_view>
<detail_view>0</detail_view>
<display_status>1</display_status>
<iscustom>1</iscustom>
<islist></islist>
<fields>
<field>
<fieldname>addresslevel1a</fieldname>
<uitype>1</uitype>
<columnname>addresslevel1a</columnname>
<columntype>varchar(255)</columntype>
<tablename>u_yf_competition_address</tablename>
<generatedtype>1</generatedtype>
<fieldlabel>AddressLevel1</fieldlabel>
<readonly>1</readonly>
<presence>2</presence>
<defaultvalue></defaultvalue>
<sequence>10</sequence>
<maximumlength>100</maximumlength>
<typeofdata>V~O</typeofdata>
<quickcreate>1</quickcreate>
<quickcreatesequence></quickcreatesequence>
<displaytype>1</displaytype>
<info_type>BAS</info_type>
<fieldparams></fieldparams>
<helpinfo></helpinfo>
<masseditable>1</masseditable>
<summaryfield>0</summaryfield>
</field>
<field>
<fieldname>addresslevel2a</fieldname>
<uitype>1</uitype>
<columnname>addresslevel2a</columnname>
<columntype>varchar(255)</columntype>
<tablename>u_yf_competition_address</tablename>
<generatedtype>1</generatedtype>
<fieldlabel>AddressLevel2</fieldlabel>
<readonly>1</readonly>
<presence>2</presence>
<defaultvalue></defaultvalue>
<sequence>9</sequence>
<maximumlength>100</maximumlength>
<typeofdata>V~O</typeofdata>
<quickcreate>1</quickcreate>
<quickcreatesequence></quickcreatesequence>
<displaytype>1</displaytype>
<info_type>BAS</info_type>
<fieldparams></fieldparams>
<helpinfo></helpinfo>
<masseditable>1</masseditable>
<summaryfield>0</summaryfield>
</field>
<field>
<fieldname>addresslevel3a</fieldname>
<uitype>1</uitype>
<columnname>addresslevel3a</columnname>
<columntype>varchar(255)</columntype>
<tablename>u_yf_competition_address</tablename>
<generatedtype>1</generatedtype>
<fieldlabel>AddressLevel3</fieldlabel>
<readonly>1</readonly>
<presence>2</presence>
<defaultvalue></defaultvalue>
<sequence>8</sequence>
<maximumlength>100</maximumlength>
<typeofdata>V~O</typeofdata>
<quickcreate>1</quickcreate>
<quickcreatesequence></quickcreatesequence>
<displaytype>1</displaytype>
<info_type>BAS</info_type>
<fieldparams></fieldparams>
<helpinfo></helpinfo>
<masseditable>1</masseditable>
<summaryfield>0</summaryfield>
</field>
<field>
<fieldname>addresslevel4a</fieldname>
<uitype>1</uitype>
<columnname>addresslevel4a</columnname>
<columntype>varchar(255)</columntype>
<tablename>u_yf_competition_address</tablename>
<generatedtype>1</generatedtype>
<fieldlabel>AddressLevel4</fieldlabel>
<readonly>1</readonly>
<presence>2</presence>
<defaultvalue></defaultvalue>
<sequence>7</sequence>
<maximumlength>100</maximumlength>
<typeofdata>V~O</typeofdata>
<quickcreate>1</quickcreate>
<quickcreatesequence></quickcreatesequence>
<displaytype>1</displaytype>
<info_type>BAS</info_type>
<fieldparams></fieldparams>
<helpinfo></helpinfo>
<masseditable>1</masseditable>
<summaryfield>0</summaryfield>
</field>
<field>
<fieldname>addresslevel5a</fieldname>
<uitype>1</uitype>
<columnname>addresslevel5a</columnname>
<columntype>varchar(255)</columntype>
<tablename>u_yf_competition_address</tablename>
<generatedtype>1</generatedtype>
<fieldlabel>AddressLevel5</fieldlabel>
<readonly>1</readonly>
<presence>2</presence>
<defaultvalue></defaultvalue>
<sequence>6</sequence>
<maximumlength>100</maximumlength>
<typeofdata>V~O</typeofdata>
<quickcreate>1</quickcreate>
<quickcreatesequence></quickcreatesequence>
<displaytype>1</displaytype>
<info_type>BAS</info_type>
<fieldparams></fieldparams>
<helpinfo></helpinfo>
<masseditable>1</masseditable>
<summaryfield>0</summaryfield>
</field>
<field>
<fieldname>addresslevel6a</fieldname>
<uitype>1</uitype>
<columnname>addresslevel6a</columnname>
<columntype>varchar(255)</columntype>
<tablename>u_yf_competition_address</tablename>
<generatedtype>1</generatedtype>
<fieldlabel>AddressLevel6</fieldlabel>
<readonly>1</readonly>
<presence>2</presence>
<defaultvalue></defaultvalue>
<sequence>5</sequence>
<maximumlength>100</maximumlength>
<typeofdata>V~O</typeofdata>
<quickcreate>1</quickcreate>
<quickcreatesequence></quickcreatesequence>
<displaytype>1</displaytype>
<info_type>BAS</info_type>
<fieldparams></fieldparams>
<helpinfo></helpinfo>
<masseditable>1</masseditable>
<summaryfield>0</summaryfield>
</field>
<field>
<fieldname>addresslevel7a</fieldname>
<uitype>1</uitype>
<columnname>addresslevel7a</columnname>
<columntype>varchar(255)</columntype>
<tablename>u_yf_competition_address</tablename>
<generatedtype>1</generatedtype>
<fieldlabel>AddressLevel7</fieldlabel>
<readonly>1</readonly>
<presence>2</presence>
<defaultvalue></defaultvalue>
<sequence>4</sequence>
<maximumlength>100</maximumlength>
<typeofdata>V~O</typeofdata>
<quickcreate>1</quickcreate>
<quickcreatesequence></quickcreatesequence>
<displaytype>1</displaytype>
<info_type>BAS</info_type>
<fieldparams></fieldparams>
<helpinfo></helpinfo>
<masseditable>1</masseditable>
<summaryfield>0</summaryfield>
</field>
<field>
<fieldname>addresslevel8a</fieldname>
<uitype>1</uitype>
<columnname>addresslevel8a</columnname>
<columntype>varchar(255)</columntype>
<tablename>u_yf_competition_address</tablename>
<generatedtype>1</generatedtype>
<fieldlabel>AddressLevel8</fieldlabel>
<readonly>1</readonly>
<presence>2</presence>
<defaultvalue></defaultvalue>
<sequence>3</sequence>
<maximumlength>100</maximumlength>
<typeofdata>V~O</typeofdata>
<quickcreate>1</quickcreate>
<quickcreatesequence></quickcreatesequence>
<displaytype>1</displaytype>
<info_type>BAS</info_type>
<fieldparams></fieldparams>
<helpinfo></helpinfo>
<masseditable>1</masseditable>
<summaryfield>0</summaryfield>
</field>
<field>
<fieldname>buildingnumbera</fieldname>
<uitype>1</uitype>
<columnname>buildingnumbera</columnname>
<columntype>varchar(100)</columntype>
<tablename>u_yf_competition_address</tablename>
<generatedtype>1</generatedtype>
<fieldlabel>Building number</fieldlabel>
<readonly>1</readonly>
<presence>2</presence>
<defaultvalue></defaultvalue>
<sequence>1</sequence>
<maximumlength>100</maximumlength>
<typeofdata>V~O~LE~100</typeofdata>
<quickcreate>1</quickcreate>
<quickcreatesequence></quickcreatesequence>
<displaytype>1</displaytype>
<info_type>BAS</info_type>
<fieldparams></fieldparams>
<helpinfo></helpinfo>
<masseditable>1</masseditable>
<summaryfield>0</summaryfield>
</field>
<field>
<fieldname>localnumbera</fieldname>
<uitype>1</uitype>
<columnname>localnumbera</columnname>
<columntype>varchar(100)</columntype>
<tablename>u_yf_competition_address</tablename>
<generatedtype>1</generatedtype>
<fieldlabel>Local number</fieldlabel>
<readonly>1</readonly>
<presence>2</presence>
<defaultvalue></defaultvalue>
<sequence>2</sequence>
<maximumlength>100</maximumlength>
<typeofdata>V~O~LE~100</typeofdata>
<quickcreate>1</quickcreate>
<quickcreatesequence></quickcreatesequence>
<displaytype>1</displaytype>
<info_type>BAS</info_type>
<fieldparams></fieldparams>
<helpinfo></helpinfo>
<masseditable>1</masseditable>
<summaryfield>0</summaryfield>
</field>
<field>
<fieldname>poboxa</fieldname>
<uitype>1</uitype>
<columnname>poboxa</columnname>
<columntype>varchar(50)</columntype>
<tablename>u_yf_competition_address</tablename>
<generatedtype>1</generatedtype>
<fieldlabel>Po Box</fieldlabel>
<readonly>1</readonly>
<presence>2</presence>
<defaultvalue></defaultvalue>
<sequence>11</sequence>
<maximumlength>100</maximumlength>
<typeofdata>V~O</typeofdata>
<quickcreate>1</quickcreate>
<quickcreatesequence></quickcreatesequence>
<displaytype>1</displaytype>
<info_type>BAS</info_type>
<fieldparams></fieldparams>
<helpinfo></helpinfo>
<masseditable>1</masseditable>
<summaryfield>0</summaryfield>
</field>
</fields>
</block>
<block>
<label>LBL_DESCRIPTION_INFORMATION</label>
<sequence>4</sequence>
<show_title>0</show_title>
<visible>0</visible>
<create_view>0</create_view>
<edit_view>0</edit_view>
<detail_view>0</detail_view>
<display_status>1</display_status>
<iscustom>1</iscustom>
<islist></islist>
<fields>
<field>
<fieldname>description</fieldname>
<uitype>300</uitype>
<columnname>description</columnname>
<columntype>text</columntype>
<tablename>vtiger_crmentity</tablename>
<generatedtype>2</generatedtype>
<fieldlabel>Description</fieldlabel>
<readonly>1</readonly>
<presence>2</presence>
<defaultvalue></defaultvalue>
<sequence>1</sequence>
<maximumlength>100</maximumlength>
<typeofdata>V~O</typeofdata>
<quickcreate>1</quickcreate>
<quickcreatesequence></quickcreatesequence>
<displaytype>1</displaytype>
<info_type>BAS</info_type>
<fieldparams></fieldparams>
<helpinfo></helpinfo>
<masseditable>1</masseditable>
<summaryfield>0</summaryfield>
</field>
</fields>
</block>
</blocks>
<customviews>
<customview>
<viewname>All</viewname>
<setdefault>true</setdefault>
<setmetrics>false</setmetrics>
<fields>
<field>
<fieldname>subject</fieldname>
<columnindex>0</columnindex>
</field>
<field>
<fieldname>vat_id</fieldname>
<columnindex>1</columnindex>
</field>
<field>
<fieldname>assigned_user_id</fieldname>
<columnindex>2</columnindex>
</field>
<field>
<fieldname>createdtime</fieldname>
<columnindex>3</columnindex>
</field>
</fields>
</customview>
</customviews>
<sharingaccess>
<default>public_readwritedelete</default>
</sharingaccess>
<actions>
<action>
<name><![CDATA[Import]]></name>
<status>enabled</status>
</action>
<action>
<name><![CDATA[Export]]></name>
<status>enabled</status>
</action>
<action>
<name><![CDATA[Merge]]></name>
<status>enabled</status>
</action>
<action>
<name><![CDATA[MassEdit]]></name>
<status>enabled</status>
</action>
<action>
<name><![CDATA[MassDelete]]></name>
<status>enabled</status>
</action>
<action>
<name><![CDATA[MassAddComment]]></name>
<status>enabled</status>
</action>
<action>
<name><![CDATA[MassTransferOwnership]]></name>
<status>enabled</status>
</action>
<action>
<name><![CDATA[ReadRecord]]></name>
<status>enabled</status>
</action>
<action>
<name><![CDATA[WorkflowTrigger]]></name>
<status>enabled</status>
</action>
<action>
<name><![CDATA[Dashboard]]></name>
<status>enabled</status>
</action>
<action>
<name><![CDATA[CreateDashboardFilter]]></name>
<status>enabled</status>
</action>
<action>
<name><![CDATA[QuickExportToExcel]]></name>
<status>enabled</status>
</action>
<action>
<name><![CDATA[TagCloud]]></name>
<status>enabled</status>
</action>
<action>
<name><![CDATA[DetailTransferOwnership]]></name>
<status>enabled</status>
</action>
<action>
<name><![CDATA[RecordMapping]]></name>
<status>enabled</status>
</action>
<action>
<name><![CDATA[RecordMappingList]]></name>
<status>enabled</status>
</action>
<action>
<name><![CDATA[FavoriteRecords]]></name>
<status>enabled</status>
</action>
</actions>
<relatedlists>
<relatedlist>
<relatedmodule>Documents</relatedmodule>
<function>get_attachments</function>
<label>Documents</label>
<sequence>2</sequence>
<presence>0</presence>
<actions>
<action>ADD</action>
<action>SELECT</action>
</actions>
</relatedlist>
<relatedlist>
<relatedmodule>OSSMailView</relatedmodule>
<function>get_emails</function>
<label>OSSMailView</label>
<sequence>3</sequence>
<presence>0</presence>
<actions>
<action> </action>
</actions>
</relatedlist>
<relatedlist>
<relatedmodule>Calendar</relatedmodule>
<function>get_activities</function>
<label>Activities</label>
<sequence>1</sequence>
<presence>0</presence>
<actions>
<action>ADD</action>
</actions>
</relatedlist>
</relatedlists>
<customlinks>
<customlink>
<linktype>DETAILVIEWBASIC</linktype>
<linklabel>View History</linklabel>
<linkurl><![CDATA[javascript:ModTrackerCommon.showhistory('$RECORD$')]]></linkurl>
<linkicon><![CDATA[]]></linkicon>
<sequence>0</sequence>
<handler_path><![CDATA[modules/ModTracker/ModTracker.php]]></handler_path>
<handler_class><![CDATA[ModTracker]]></handler_class>
<handler><![CDATA[isViewPermitted]]></handler>
</customlink>
<customlink>
<linktype>DETAILVIEWWIDGET</linktype>
<linklabel>DetailViewBlockCommentWidget</linklabel>
<linkurl><![CDATA[block://ModComments:modules/ModComments/ModComments.php]]></linkurl>
<linkicon><![CDATA[]]></linkicon>
<sequence>0</sequence>
<handler_path><![CDATA[]]></handler_path>
<handler_class><![CDATA[]]></handler_class>
<handler><![CDATA[]]></handler>
</customlink>
</customlinks>
<crons>
</crons>
</module>
