<?xml version='1.0'?>
<module>
	<name>CFixedAssets</name>
	<label>CFixedAssets</label>
	<type>entity</type>
	<dependencies>
		<vtiger_version>3.5</vtiger_version>
	</dependencies>
	<tables>
		<table>
			<name>u_yf_cfixedassets</name>
			<sql><![CDATA[CREATE TABLE `u_yf_cfixedassets` (
  `cfixedassetsid` int(11) NOT NULL,
  `subject` varchar(255) DEFAULT NULL,
  `number` varchar(32) DEFAULT NULL,
  `fixed_assets_type` varchar(255) DEFAULT NULL,
  `fixed_assets_status` varchar(255) DEFAULT NULL,
  `producent_designation` varchar(255) DEFAULT NULL,
  `additional_designation` varchar(255) DEFAULT NULL,
  `internal_designation` varchar(255) DEFAULT NULL,
  `date_production` date DEFAULT NULL,
  `date_acquisition` date DEFAULT NULL,
  `purchase_price` decimal(25,8) DEFAULT NULL,
  `actual_price` decimal(25,8) DEFAULT NULL,
  `reservation` smallint(1) DEFAULT NULL,
  `pscategory` varchar(255) DEFAULT NULL,
  `fixed_assets_fuel_type` varchar(255) DEFAULT NULL,
  `timing_change` int(11) DEFAULT '0',
  `oil_change` int(11) DEFAULT NULL,
  `fuel_consumption` int(11) DEFAULT NULL,
  `current_odometer_reading` int(11) DEFAULT NULL,
  `number_repair` smallint(6) DEFAULT NULL,
  `date_last_repair` date DEFAULT NULL,
  PRIMARY KEY (`cfixedassetsid`),
  CONSTRAINT `fk_1_vtiger_cfixedassetscfixedassetsid` FOREIGN KEY (`cfixedassetsid`) REFERENCES `vtiger_crmentity` (`crmid`) ON DELETE CASCADE
) ENGINE=InnoDB DEFAULT CHARSET=utf8]]></sql>
		</table>
		<table>
			<name>u_yf_cfixedassetscf</name>
			<sql><![CDATA[CREATE TABLE `u_yf_cfixedassetscf` (
  `cfixedassetsid` int(11) NOT NULL,
  PRIMARY KEY (`cfixedassetsid`),
  CONSTRAINT `fk_1_vtiger_cfixedassetscfcfixedassetsid` FOREIGN KEY (`cfixedassetsid`) REFERENCES `u_yf_cfixedassets` (`cfixedassetsid`) ON DELETE CASCADE
) ENGINE=InnoDB DEFAULT CHARSET=utf8]]></sql>
		</table>
	</tables>
	<blocks>
		<block>
			<label>LBL_BASIC_INFORMATION</label>
			<sequence>1</sequence>
			<show_title>0</show_title>
			<visible>0</visible>
			<create_view>0</create_view>
			<edit_view>0</edit_view>
			<detail_view>0</detail_view>
			<display_status>1</display_status>
			<iscustom>0</iscustom>
			<islist></islist>
			<fields>
				<field>
					<fieldname>subject</fieldname>
					<uitype>2</uitype>
					<columnname>subject</columnname>
					<columntype>varchar(255)</columntype>
					<tablename>u_yf_cfixedassets</tablename>
					<generatedtype>1</generatedtype>
					<fieldlabel>FL_SUBJECT</fieldlabel>
					<readonly>1</readonly>
					<presence>2</presence>
					<defaultvalue></defaultvalue>
					<sequence>1</sequence>
					<maximumlength>100</maximumlength>
					<typeofdata>V~M</typeofdata>
					<quickcreate>1</quickcreate>
					<quickcreatesequence>0</quickcreatesequence>
					<displaytype>1</displaytype>
					<info_type>BAS</info_type>
					<fieldparams></fieldparams>
					<helpinfo></helpinfo>
					<masseditable>1</masseditable>
					<summaryfield>0</summaryfield>
					<entityidentifier>
						<entityidfield>cfixedassetsid</entityidfield>
						<entityidcolumn>cfixedassetsid</entityidcolumn>
					</entityidentifier>
				</field>
				<field>
					<fieldname>number</fieldname>
					<uitype>4</uitype>
					<columnname>number</columnname>
					<columntype>varchar(32)</columntype>
					<tablename>u_yf_cfixedassets</tablename>
					<generatedtype>1</generatedtype>
					<fieldlabel>FL_NUMBER</fieldlabel>
					<readonly>1</readonly>
					<presence>2</presence>
					<defaultvalue></defaultvalue>
					<sequence>2</sequence>
					<maximumlength>100</maximumlength>
					<typeofdata>V~O</typeofdata>
					<quickcreate>1</quickcreate>
					<quickcreatesequence>0</quickcreatesequence>
					<displaytype>1</displaytype>
					<info_type>BAS</info_type>
					<fieldparams></fieldparams>
					<helpinfo></helpinfo>
					<masseditable>1</masseditable>
					<summaryfield>0</summaryfield>
				</field>
				<field>
					<fieldname>assigned_user_id</fieldname>
					<uitype>53</uitype>
					<columnname>smownerid</columnname>
					<columntype>smallint(5) unsigned</columntype>
					<tablename>vtiger_crmentity</tablename>
					<generatedtype>1</generatedtype>
					<fieldlabel>Assigned To</fieldlabel>
					<readonly>1</readonly>
					<presence>2</presence>
					<defaultvalue></defaultvalue>
					<sequence>3</sequence>
					<maximumlength>100</maximumlength>
					<typeofdata>V~M</typeofdata>
					<quickcreate>1</quickcreate>
					<quickcreatesequence>0</quickcreatesequence>
					<displaytype>1</displaytype>
					<info_type>BAS</info_type>
					<fieldparams></fieldparams>
					<helpinfo></helpinfo>
					<masseditable>1</masseditable>
					<summaryfield>0</summaryfield>
				</field>
				<field>
					<fieldname>createdtime</fieldname>
					<uitype>70</uitype>
					<columnname>createdtime</columnname>
					<columntype>datetime</columntype>
					<tablename>vtiger_crmentity</tablename>
					<generatedtype>1</generatedtype>
					<fieldlabel>Created Time</fieldlabel>
					<readonly>1</readonly>
					<presence>2</presence>
					<defaultvalue></defaultvalue>
					<sequence>18</sequence>
					<maximumlength>100</maximumlength>
					<typeofdata>DT~O</typeofdata>
					<quickcreate>1</quickcreate>
					<quickcreatesequence>0</quickcreatesequence>
					<displaytype>2</displaytype>
					<info_type>BAS</info_type>
					<fieldparams></fieldparams>
					<helpinfo></helpinfo>
					<masseditable>1</masseditable>
					<summaryfield>0</summaryfield>
				</field>
				<field>
					<fieldname>modifiedtime</fieldname>
					<uitype>70</uitype>
					<columnname>modifiedtime</columnname>
					<columntype>datetime</columntype>
					<tablename>vtiger_crmentity</tablename>
					<generatedtype>1</generatedtype>
					<fieldlabel>Modified Time</fieldlabel>
					<readonly>1</readonly>
					<presence>2</presence>
					<defaultvalue></defaultvalue>
					<sequence>16</sequence>
					<maximumlength>100</maximumlength>
					<typeofdata>DT~O</typeofdata>
					<quickcreate>1</quickcreate>
					<quickcreatesequence>0</quickcreatesequence>
					<displaytype>2</displaytype>
					<info_type>BAS</info_type>
					<fieldparams></fieldparams>
					<helpinfo></helpinfo>
					<masseditable>1</masseditable>
					<summaryfield>0</summaryfield>
				</field>
				<field>
					<fieldname>created_user_id</fieldname>
					<uitype>53</uitype>
					<columnname>smcreatorid</columnname>
					<columntype>smallint(5) unsigned</columntype>
					<tablename>vtiger_crmentity</tablename>
					<generatedtype>1</generatedtype>
					<fieldlabel>Created By</fieldlabel>
					<readonly>1</readonly>
					<presence>2</presence>
					<defaultvalue></defaultvalue>
					<sequence>17</sequence>
					<maximumlength>100</maximumlength>
					<typeofdata>V~O</typeofdata>
					<quickcreate>3</quickcreate>
					<quickcreatesequence>0</quickcreatesequence>
					<displaytype>2</displaytype>
					<info_type>BAS</info_type>
					<fieldparams></fieldparams>
					<helpinfo></helpinfo>
					<masseditable>0</masseditable>
					<summaryfield>0</summaryfield>
				</field>
				<field>
					<fieldname>fixed_assets_type</fieldname>
					<uitype>16</uitype>
					<columnname>fixed_assets_type</columnname>
					<columntype>varchar(255)</columntype>
					<tablename>u_yf_cfixedassets</tablename>
					<generatedtype>1</generatedtype>
					<fieldlabel>FL_TYPE</fieldlabel>
					<readonly>1</readonly>
					<presence>2</presence>
					<defaultvalue></defaultvalue>
					<sequence>5</sequence>
					<maximumlength>100</maximumlength>
					<typeofdata>V~O</typeofdata>
					<quickcreate>1</quickcreate>
					<quickcreatesequence>0</quickcreatesequence>
					<displaytype>1</displaytype>
					<info_type>BAS</info_type>
					<fieldparams></fieldparams>
					<helpinfo></helpinfo>
					<masseditable>1</masseditable>
					<summaryfield>0</summaryfield>
					<picklistvalues>
						<picklistvalue>PLL_DEVICE</picklistvalue>
						<picklistvalue>PLL_MACHINE</picklistvalue>
						<picklistvalue>PLL_VEHICLE</picklistvalue>
						<picklistvalue>PLL_PROPERTY</picklistvalue>
						<picklistvalue>PLL_INVENTORY</picklistvalue>
					</picklistvalues>
				</field>
				<field>
					<fieldname>fixed_assets_status</fieldname>
					<uitype>15</uitype>
					<columnname>fixed_assets_status</columnname>
					<columntype>varchar(255)</columntype>
					<tablename>u_yf_cfixedassets</tablename>
					<generatedtype>1</generatedtype>
					<fieldlabel>FL_STATUS</fieldlabel>
					<readonly>1</readonly>
					<presence>2</presence>
					<defaultvalue></defaultvalue>
					<sequence>6</sequence>
					<maximumlength>100</maximumlength>
					<typeofdata>V~O</typeofdata>
					<quickcreate>1</quickcreate>
					<quickcreatesequence>0</quickcreatesequence>
					<displaytype>1</displaytype>
					<info_type>BAS</info_type>
					<fieldparams></fieldparams>
					<helpinfo></helpinfo>
					<masseditable>1</masseditable>
					<summaryfield>0</summaryfield>
					<picklistvalues>
						<picklistvalue>PLL_UNAVAILABLE</picklistvalue>
						<picklistvalue>PLL_AVAILABLE</picklistvalue>
						<picklistvalue>PLL_DEMAGED</picklistvalue>
						<picklistvalue>PLL_IN_USE</picklistvalue>
						<picklistvalue>PLL_UNDER_REPAIR</picklistvalue>
						<picklistvalue>PLL_PENDING_FOR_REPROCESSING</picklistvalue>
						<picklistvalue>PLL_PENDING_FOR_SALE</picklistvalue>
						<picklistvalue>PLL_REPROCESSED</picklistvalue>
						<picklistvalue>PLL_SOLD</picklistvalue>
					</picklistvalues>
				</field>
				<field>
					<fieldname>shownerid</fieldname>
					<uitype>120</uitype>
					<columnname>shownerid</columnname>
					<columntype>tinyint(1)</columntype>
					<tablename>vtiger_crmentity</tablename>
					<generatedtype>1</generatedtype>
					<fieldlabel>Share with users</fieldlabel>
					<readonly>1</readonly>
					<presence>2</presence>
					<defaultvalue></defaultvalue>
					<sequence>4</sequence>
					<maximumlength>100</maximumlength>
					<typeofdata>V~O</typeofdata>
					<quickcreate>1</quickcreate>
					<quickcreatesequence>0</quickcreatesequence>
					<displaytype>1</displaytype>
					<info_type>BAS</info_type>
					<fieldparams></fieldparams>
					<helpinfo></helpinfo>
					<masseditable>1</masseditable>
					<summaryfield>0</summaryfield>
				</field>
				<field>
					<fieldname>producent_designation</fieldname>
					<uitype>1</uitype>
					<columnname>producent_designation</columnname>
					<columntype>varchar(255)</columntype>
					<tablename>u_yf_cfixedassets</tablename>
					<generatedtype>1</generatedtype>
					<fieldlabel>FL_PRODUCENT_DESIGNATION</fieldlabel>
					<readonly>1</readonly>
					<presence>2</presence>
					<defaultvalue></defaultvalue>
					<sequence>8</sequence>
					<maximumlength>100</maximumlength>
					<typeofdata>V~O</typeofdata>
					<quickcreate>1</quickcreate>
					<quickcreatesequence>0</quickcreatesequence>
					<displaytype>1</displaytype>
					<info_type>BAS</info_type>
					<fieldparams></fieldparams>
					<helpinfo></helpinfo>
					<masseditable>1</masseditable>
					<summaryfield>0</summaryfield>
				</field>
				<field>
					<fieldname>additional_designation</fieldname>
					<uitype>1</uitype>
					<columnname>additional_designation</columnname>
					<columntype>varchar(255)</columntype>
					<tablename>u_yf_cfixedassets</tablename>
					<generatedtype>1</generatedtype>
					<fieldlabel>FL_ADDITIONAL_DESIGNATION</fieldlabel>
					<readonly>1</readonly>
					<presence>2</presence>
					<defaultvalue></defaultvalue>
					<sequence>9</sequence>
					<maximumlength>100</maximumlength>
					<typeofdata>V~O</typeofdata>
					<quickcreate>1</quickcreate>
					<quickcreatesequence>0</quickcreatesequence>
					<displaytype>1</displaytype>
					<info_type>BAS</info_type>
					<fieldparams></fieldparams>
					<helpinfo></helpinfo>
					<masseditable>1</masseditable>
					<summaryfield>0</summaryfield>
				</field>
				<field>
					<fieldname>internal_designation</fieldname>
					<uitype>1</uitype>
					<columnname>internal_designation</columnname>
					<columntype>varchar(255)</columntype>
					<tablename>u_yf_cfixedassets</tablename>
					<generatedtype>1</generatedtype>
					<fieldlabel>FL_INTERNAL_DESIGNATION</fieldlabel>
					<readonly>1</readonly>
					<presence>2</presence>
					<defaultvalue></defaultvalue>
					<sequence>10</sequence>
					<maximumlength>100</maximumlength>
					<typeofdata>V~O</typeofdata>
					<quickcreate>1</quickcreate>
					<quickcreatesequence>0</quickcreatesequence>
					<displaytype>1</displaytype>
					<info_type>BAS</info_type>
					<fieldparams></fieldparams>
					<helpinfo></helpinfo>
					<masseditable>1</masseditable>
					<summaryfield>0</summaryfield>
				</field>
				<field>
					<fieldname>date_production</fieldname>
					<uitype>5</uitype>
					<columnname>date_production</columnname>
					<columntype>date</columntype>
					<tablename>u_yf_cfixedassets</tablename>
					<generatedtype>1</generatedtype>
					<fieldlabel>FL_DATE_PRODUCTION</fieldlabel>
					<readonly>1</readonly>
					<presence>2</presence>
					<defaultvalue></defaultvalue>
					<sequence>11</sequence>
					<maximumlength>100</maximumlength>
					<typeofdata>D~O</typeofdata>
					<quickcreate>1</quickcreate>
					<quickcreatesequence>0</quickcreatesequence>
					<displaytype>1</displaytype>
					<info_type>BAS</info_type>
					<fieldparams></fieldparams>
					<helpinfo></helpinfo>
					<masseditable>1</masseditable>
					<summaryfield>0</summaryfield>
				</field>
				<field>
					<fieldname>date_acquisition</fieldname>
					<uitype>5</uitype>
					<columnname>date_acquisition</columnname>
					<columntype>date</columntype>
					<tablename>u_yf_cfixedassets</tablename>
					<generatedtype>1</generatedtype>
					<fieldlabel>FL_DATE_ACQUISITION</fieldlabel>
					<readonly>1</readonly>
					<presence>2</presence>
					<defaultvalue></defaultvalue>
					<sequence>12</sequence>
					<maximumlength>100</maximumlength>
					<typeofdata>D~O</typeofdata>
					<quickcreate>1</quickcreate>
					<quickcreatesequence>0</quickcreatesequence>
					<displaytype>1</displaytype>
					<info_type>BAS</info_type>
					<fieldparams></fieldparams>
					<helpinfo></helpinfo>
					<masseditable>1</masseditable>
					<summaryfield>0</summaryfield>
				</field>
				<field>
					<fieldname>purchase_price</fieldname>
					<uitype>71</uitype>
					<columnname>purchase_price</columnname>
					<columntype>decimal(25,8)</columntype>
					<tablename>u_yf_cfixedassets</tablename>
					<generatedtype>1</generatedtype>
					<fieldlabel>FL_PURCHASE_PRICE</fieldlabel>
					<readonly>1</readonly>
					<presence>2</presence>
					<defaultvalue></defaultvalue>
					<sequence>14</sequence>
					<maximumlength>100</maximumlength>
					<typeofdata>N~O</typeofdata>
					<quickcreate>1</quickcreate>
					<quickcreatesequence>0</quickcreatesequence>
					<displaytype>1</displaytype>
					<info_type>BAS</info_type>
					<fieldparams></fieldparams>
					<helpinfo></helpinfo>
					<masseditable>1</masseditable>
					<summaryfield>0</summaryfield>
				</field>
				<field>
					<fieldname>actual_price</fieldname>
					<uitype>71</uitype>
					<columnname>actual_price</columnname>
					<columntype>decimal(25,8)</columntype>
					<tablename>u_yf_cfixedassets</tablename>
					<generatedtype>1</generatedtype>
					<fieldlabel>FL_ACTUAL_PRICE</fieldlabel>
					<readonly>1</readonly>
					<presence>2</presence>
					<defaultvalue></defaultvalue>
					<sequence>13</sequence>
					<maximumlength>100</maximumlength>
					<typeofdata>N~O</typeofdata>
					<quickcreate>1</quickcreate>
					<quickcreatesequence>0</quickcreatesequence>
					<displaytype>1</displaytype>
					<info_type>BAS</info_type>
					<fieldparams></fieldparams>
					<helpinfo></helpinfo>
					<masseditable>1</masseditable>
					<summaryfield>0</summaryfield>
				</field>
				<field>
					<fieldname>reservation</fieldname>
					<uitype>56</uitype>
					<columnname>reservation</columnname>
					<columntype>smallint(1)</columntype>
					<tablename>u_yf_cfixedassets</tablename>
					<generatedtype>1</generatedtype>
					<fieldlabel>FL_RESERVATION</fieldlabel>
					<readonly>1</readonly>
					<presence>2</presence>
					<defaultvalue></defaultvalue>
					<sequence>15</sequence>
					<maximumlength>100</maximumlength>
					<typeofdata>C~O</typeofdata>
					<quickcreate>1</quickcreate>
					<quickcreatesequence>0</quickcreatesequence>
					<displaytype>1</displaytype>
					<info_type>BAS</info_type>
					<fieldparams></fieldparams>
					<helpinfo></helpinfo>
					<masseditable>1</masseditable>
					<summaryfield>0</summaryfield>
				</field>
				<field>
					<fieldname>pscategory</fieldname>
					<uitype>302</uitype>
					<columnname>pscategory</columnname>
					<columntype>varchar(255)</columntype>
					<tablename>u_yf_cfixedassets</tablename>
					<generatedtype>1</generatedtype>
					<fieldlabel>FL_CATEGORY</fieldlabel>
					<readonly>1</readonly>
					<presence>2</presence>
					<defaultvalue></defaultvalue>
					<sequence>7</sequence>
					<maximumlength>100</maximumlength>
					<typeofdata>V~O</typeofdata>
					<quickcreate>1</quickcreate>
					<quickcreatesequence>0</quickcreatesequence>
					<displaytype>1</displaytype>
					<info_type>BAS</info_type>
					<helpinfo></helpinfo>
					<masseditable>1</masseditable>
					<summaryfield>0</summaryfield>
					<fieldparams></fieldparams>
				</field>
			</fields>
		</block>
		<block>
			<label>LBL_VEHICLE</label>
			<sequence>2</sequence>
			<show_title>0</show_title>
			<visible>0</visible>
			<create_view>0</create_view>
			<edit_view>0</edit_view>
			<detail_view>0</detail_view>
			<display_status>1</display_status>
			<iscustom>0</iscustom>
			<islist></islist>
			<fields>
				<field>
					<fieldname>fixed_assets_fuel_type</fieldname>
					<uitype>16</uitype>
					<columnname>fixed_assets_fuel_type</columnname>
					<columntype>varchar(255)</columntype>
					<tablename>u_yf_cfixedassets</tablename>
					<generatedtype>1</generatedtype>
					<fieldlabel>FL_FUEL_TYPE</fieldlabel>
					<readonly>1</readonly>
					<presence>2</presence>
					<defaultvalue></defaultvalue>
					<sequence>0</sequence>
					<maximumlength>100</maximumlength>
					<typeofdata>V~O</typeofdata>
					<quickcreate>1</quickcreate>
					<quickcreatesequence>0</quickcreatesequence>
					<displaytype>1</displaytype>
					<info_type>BAS</info_type>
					<fieldparams></fieldparams>
					<helpinfo></helpinfo>
					<masseditable>1</masseditable>
					<summaryfield>0</summaryfield>
					<picklistvalues>
						<picklistvalue>PLL_DIESEL</picklistvalue>
					</picklistvalues>
				</field>
				<field>
					<fieldname>timing_change</fieldname>
					<uitype>7</uitype>
					<columnname>timing_change</columnname>
					<columntype>int(11)</columntype>
					<tablename>u_yf_cfixedassets</tablename>
					<generatedtype>2</generatedtype>
					<fieldlabel>FL_TIMING_CHANGE</fieldlabel>
					<readonly>1</readonly>
					<presence>2</presence>
					<defaultvalue></defaultvalue>
					<sequence>0</sequence>
					<maximumlength>100</maximumlength>
					<typeofdata>I~O</typeofdata>
					<quickcreate>1</quickcreate>
					<quickcreatesequence>0</quickcreatesequence>
					<displaytype>1</displaytype>
					<info_type>BAS</info_type>
					<fieldparams></fieldparams>
					<helpinfo></helpinfo>
					<masseditable>1</masseditable>
					<summaryfield>0</summaryfield>
				</field>
				<field>
					<fieldname>oil_change</fieldname>
					<uitype>7</uitype>
					<columnname>oil_change</columnname>
					<columntype>int(11)</columntype>
					<tablename>u_yf_cfixedassets</tablename>
					<generatedtype>1</generatedtype>
					<fieldlabel>FL_OIL_TYPE</fieldlabel>
					<readonly>1</readonly>
					<presence>2</presence>
					<defaultvalue></defaultvalue>
					<sequence>0</sequence>
					<maximumlength>100</maximumlength>
					<typeofdata>I~O</typeofdata>
					<quickcreate>1</quickcreate>
					<quickcreatesequence>0</quickcreatesequence>
					<displaytype>1</displaytype>
					<info_type>BAS</info_type>
					<fieldparams></fieldparams>
					<helpinfo></helpinfo>
					<masseditable>1</masseditable>
					<summaryfield>0</summaryfield>
				</field>
				<field>
					<fieldname>fuel_consumption</fieldname>
					<uitype>7</uitype>
					<columnname>fuel_consumption</columnname>
					<columntype>int(11)</columntype>
					<tablename>u_yf_cfixedassets</tablename>
					<generatedtype>1</generatedtype>
					<fieldlabel>FL_AVARAGE_FUEL_CONSUPTION</fieldlabel>
					<readonly>1</readonly>
					<presence>2</presence>
					<defaultvalue></defaultvalue>
					<sequence>0</sequence>
					<maximumlength>100</maximumlength>
					<typeofdata>I~O</typeofdata>
					<quickcreate>1</quickcreate>
					<quickcreatesequence>0</quickcreatesequence>
					<displaytype>1</displaytype>
					<info_type>BAS</info_type>
					<fieldparams></fieldparams>
					<helpinfo></helpinfo>
					<masseditable>1</masseditable>
					<summaryfield>0</summaryfield>
				</field>
				<field>
					<fieldname>current_odometer_reading</fieldname>
					<uitype>7</uitype>
					<columnname>current_odometer_reading</columnname>
					<columntype>int(11)</columntype>
					<tablename>u_yf_cfixedassets</tablename>
					<generatedtype>1</generatedtype>
					<fieldlabel>FL_CURRENT_ODOMETER_READING</fieldlabel>
					<readonly>1</readonly>
					<presence>2</presence>
					<defaultvalue></defaultvalue>
					<sequence>0</sequence>
					<maximumlength>100</maximumlength>
					<typeofdata>I~O</typeofdata>
					<quickcreate>1</quickcreate>
					<quickcreatesequence>0</quickcreatesequence>
					<displaytype>1</displaytype>
					<info_type>BAS</info_type>
					<fieldparams></fieldparams>
					<helpinfo></helpinfo>
					<masseditable>1</masseditable>
					<summaryfield>0</summaryfield>
				</field>
				<field>
					<fieldname>number_repair</fieldname>
					<uitype>7</uitype>
					<columnname>number_repair</columnname>
					<columntype>smallint(6)</columntype>
					<tablename>u_yf_cfixedassets</tablename>
					<generatedtype>1</generatedtype>
					<fieldlabel>FL_NUMBER_REPAIR</fieldlabel>
					<readonly>1</readonly>
					<presence>2</presence>
					<defaultvalue></defaultvalue>
					<sequence>0</sequence>
					<maximumlength>100</maximumlength>
					<typeofdata>I~O</typeofdata>
					<quickcreate>1</quickcreate>
					<quickcreatesequence>0</quickcreatesequence>
					<displaytype>1</displaytype>
					<info_type>BAS</info_type>
					<fieldparams></fieldparams>
					<helpinfo></helpinfo>
					<masseditable>1</masseditable>
					<summaryfield>0</summaryfield>
				</field>
				<field>
					<fieldname>date_last_repair</fieldname>
					<uitype>5</uitype>
					<columnname>date_last_repair</columnname>
					<columntype>date</columntype>
					<tablename>u_yf_cfixedassets</tablename>
					<generatedtype>1</generatedtype>
					<fieldlabel>FL_DATE_OF_LAST_REPAIR</fieldlabel>
					<readonly>1</readonly>
					<presence>2</presence>
					<defaultvalue></defaultvalue>
					<sequence>0</sequence>
					<maximumlength>100</maximumlength>
					<typeofdata>D~O</typeofdata>
					<quickcreate>1</quickcreate>
					<quickcreatesequence>0</quickcreatesequence>
					<displaytype>1</displaytype>
					<info_type>BAS</info_type>
					<fieldparams></fieldparams>
					<helpinfo></helpinfo>
					<masseditable>1</masseditable>
					<summaryfield>0</summaryfield>
				</field>
			</fields>
		</block>
		<block>
			<label>LBL_ATTENTION_BLOCK</label>
			<sequence>3</sequence>
			<show_title>0</show_title>
			<visible>0</visible>
			<create_view>0</create_view>
			<edit_view>0</edit_view>
			<detail_view>0</detail_view>
			<display_status>1</display_status>
			<iscustom>1</iscustom>
			<islist></islist>
			<fields>
				<field>
					<fieldname>attention</fieldname>
					<uitype>300</uitype>
					<columnname>attention</columnname>
					<columntype>text</columntype>
					<tablename>vtiger_crmentity</tablename>
					<generatedtype>1</generatedtype>
					<fieldlabel>Attention</fieldlabel>
					<readonly>1</readonly>
					<presence>2</presence>
					<defaultvalue></defaultvalue>
					<sequence>0</sequence>
					<maximumlength>100</maximumlength>
					<typeofdata>V~O</typeofdata>
					<quickcreate>1</quickcreate>
					<quickcreatesequence>0</quickcreatesequence>
					<displaytype>1</displaytype>
					<info_type>BAS</info_type>
					<fieldparams></fieldparams>
					<helpinfo></helpinfo>
					<masseditable>1</masseditable>
					<summaryfield>0</summaryfield>
				</field>
			</fields>
		</block>
		<block>
			<label>LBL_DESCRIPTION_BLOCK</label>
			<sequence>4</sequence>
			<show_title>0</show_title>
			<visible>0</visible>
			<create_view>0</create_view>
			<edit_view>0</edit_view>
			<detail_view>0</detail_view>
			<display_status>1</display_status>
			<iscustom>1</iscustom>
			<islist></islist>
			<fields>
				<field>
					<fieldname>description</fieldname>
					<uitype>300</uitype>
					<columnname>description</columnname>
					<columntype>text</columntype>
					<tablename>vtiger_crmentity</tablename>
					<generatedtype>1</generatedtype>
					<fieldlabel>Description</fieldlabel>
					<readonly>1</readonly>
					<presence>2</presence>
					<defaultvalue></defaultvalue>
					<sequence>1</sequence>
					<maximumlength>100</maximumlength>
					<typeofdata>V~O</typeofdata>
					<quickcreate>1</quickcreate>
					<quickcreatesequence>0</quickcreatesequence>
					<displaytype>1</displaytype>
					<info_type>BAS</info_type>
					<fieldparams></fieldparams>
					<helpinfo></helpinfo>
					<masseditable>1</masseditable>
					<summaryfield>0</summaryfield>
				</field>
			</fields>
		</block>
	</blocks>
	<customviews>
		<customview>
			<viewname>All</viewname>
			<setdefault>true</setdefault>
			<setmetrics>false</setmetrics>
			<featured>0</featured>
			<privileges>1</privileges>
			<presence>0</presence>
			<sequence>0</sequence>
			<description><![CDATA[]]></description>
			<sort></sort>
			<fields>
				<field>
					<fieldname>subject</fieldname>
					<columnindex>0</columnindex>
				</field>
				<field>
					<fieldname>number</fieldname>
					<columnindex>1</columnindex>
				</field>
				<field>
					<fieldname>createdtime</fieldname>
					<columnindex>2</columnindex>
				</field>
				<field>
					<fieldname>assigned_user_id</fieldname>
					<columnindex>3</columnindex>
				</field>
			</fields>
		</customview>
	</customviews>
	<sharingaccess>
		<default>public_readwritedelete</default>
	</sharingaccess>
	<actions>
		<action>
			<name><![CDATA[Import]]></name>
			<status>enabled</status>
		</action>
		<action>
			<name><![CDATA[Export]]></name>
			<status>enabled</status>
		</action>
		<action>
			<name><![CDATA[CreateCustomFilter]]></name>
			<status>enabled</status>
		</action>
		<action>
			<name><![CDATA[DuplicateRecord]]></name>
			<status>enabled</status>
		</action>
		<action>
			<name><![CDATA[MassEdit]]></name>
			<status>enabled</status>
		</action>
		<action>
			<name><![CDATA[MassDelete]]></name>
			<status>enabled</status>
		</action>
		<action>
			<name><![CDATA[MassAddComment]]></name>
			<status>enabled</status>
		</action>
		<action>
			<name><![CDATA[MassComposeEmail]]></name>
			<status>enabled</status>
		</action>
		<action>
			<name><![CDATA[MassTransferOwnership]]></name>
			<status>enabled</status>
		</action>
		<action>
			<name><![CDATA[ExportPdf]]></name>
			<status>enabled</status>
		</action>
		<action>
			<name><![CDATA[RecordMapping]]></name>
			<status>enabled</status>
		</action>
		<action>
			<name><![CDATA[RecordMappingList]]></name>
			<status>enabled</status>
		</action>
		<action>
			<name><![CDATA[FavoriteRecords]]></name>
			<status>enabled</status>
		</action>
		<action>
			<name><![CDATA[WatchingRecords]]></name>
			<status>enabled</status>
		</action>
		<action>
			<name><![CDATA[WatchingModule]]></name>
			<status>enabled</status>
		</action>
		<action>
			<name><![CDATA[RemoveRelation]]></name>
			<status>enabled</status>
		</action>
		<action>
			<name><![CDATA[ReviewingUpdates]]></name>
			<status>enabled</status>
		</action>
		<action>
			<name><![CDATA[CreateDashboardChartFilter]]></name>
			<status>enabled</status>
		</action>
		<action>
			<name><![CDATA[TimeLineList]]></name>
			<status>enabled</status>
		</action>
	</actions>
	<relatedlists>
		<relatedlist>
			<relatedmodule>Documents</relatedmodule>
			<function>getAttachments</function>
			<label>Documents</label>
			<sequence>1</sequence>
			<presence>0</presence>
			<actions>
				<action>ADD</action>
				<action>SELECT</action>
			</actions>
		</relatedlist>
	</relatedlists>
	<customlinks>
		<customlink>
			<linktype>DETAILVIEWWIDGET</linktype>
			<linklabel>DetailViewBlockCommentWidget</linklabel>
			<linkurl><![CDATA[block://ModComments:modules/ModComments/ModComments.php]]></linkurl>
			<linkicon><![CDATA[]]></linkicon>
			<sequence>0</sequence>
			<handler_path><![CDATA[]]></handler_path>
			<handler_class><![CDATA[]]></handler_class>
			<handler><![CDATA[]]></handler>
		</customlink>
	</customlinks>
	<crons>
	</crons>
</module>
