<?xml version='1.0'?>
<schema>
	<tables>
		<table>
			<name>vtiger_paymentsin</name>
			<sql><![CDATA[CREATE TABLE `vtiger_paymentsin` (
  `paymentsinid` int(11) NOT NULL DEFAULT '0',
  `paymentsvalue` decimal(25,3) DEFAULT NULL,
  `paymentsno` varchar(32) DEFAULT NULL,
  `paymentsname` varchar(128) DEFAULT NULL,
  `paymentstitle` text DEFAULT NULL,
  `paymentscurrency` varchar(32) DEFAULT NULL,
  `bank_account` varchar(128) DEFAULT NULL,
  `paymentsin_status` varchar(128) DEFAULT NULL,
  `relatedid` int(19) DEFAULT NULL,
  `salesid` int(19) DEFAULT NULL,
  `parentid` int(19) DEFAULT NULL,
  PRIMARY KEY (`paymentsinid`),
  CONSTRAINT `fk_1_vtiger_paymentsin` FOREIGN KEY (`paymentsinid`) REFERENCES `vtiger_crmentity` (`crmid`) ON DELETE CASCADE
) ENGINE=InnoDB DEFAULT CHARSET=utf8]]></sql>
		</table>
		<table>
			<name>vtiger_paymentsincf</name>
			<sql><![CDATA[CREATE TABLE `vtiger_paymentsincf` (
  `paymentsinid` int(11) NOT NULL,
  PRIMARY KEY (`paymentsinid`),
  CONSTRAINT `fk_1_vtiger_paymentsincf` FOREIGN KEY (`paymentsinid`) REFERENCES `vtiger_paymentsin` (`paymentsinid`) ON DELETE CASCADE
) ENGINE=InnoDB DEFAULT CHARSET=utf8]]></sql>
		</table>
	</tables>
</schema>
