<?xml version='1.0'?>
<module>
<exporttime>2017-01-11 10:38:18</exporttime>
<name>EmailTemplates</name>
<label>EmailTemplates</label>
<type>entity</type>
<dependencies>
<vtiger_version>3.4.1427</vtiger_version>
</dependencies>
<tables>
<table>
<name>u_yf_emailtemplates</name>
<sql><![CDATA[CREATE TABLE `u_yf_emailtemplates` (
  `emailtemplatesid` int(11) NOT NULL,
  `name` varchar(255) DEFAULT NULL,
  `number` varchar(32) DEFAULT NULL,
  `email_template_type` varchar(50) DEFAULT NULL,
  `module` varchar(50) DEFAULT NULL,
  `subject` varchar(255) DEFAULT NULL,
  `content` text,
  `sys_name` varchar(50) DEFAULT NULL,
  `email_template_priority` tinyint(1) DEFAULT '1',
  PRIMARY KEY (`emailtemplatesid`),
  KEY `sys_name` (`sys_name`),
  CONSTRAINT `fk_1_vtiger_emailtemplatesemailtemplatesid` FOREIGN KEY (`emailtemplatesid`) REFERENCES `vtiger_crmentity` (`crmid`) ON DELETE CASCADE
) ENGINE=InnoDB DEFAULT CHARSET=utf8]]></sql>
</table>
</tables>
<blocks>
<block>
<label>LBL_BASIC_DETAILS</label>
<sequence>1</sequence>
<show_title>0</show_title>
<visible>0</visible>
<create_view>0</create_view>
<edit_view>0</edit_view>
<detail_view>0</detail_view>
<display_status>1</display_status>
<iscustom>0</iscustom>
<islist></islist>
<fields>
<field>
<fieldname>name</fieldname>
<uitype>2</uitype>
<columnname>name</columnname>
<columntype>varchar(255)</columntype>
<tablename>u_yf_emailtemplates</tablename>
<generatedtype>1</generatedtype>
<fieldlabel>FL_NAME</fieldlabel>
<readonly>1</readonly>
<presence>2</presence>
<defaultvalue></defaultvalue>
<sequence>0</sequence>
<maximumlength>100</maximumlength>
<typeofdata>V~M</typeofdata>
<quickcreate>1</quickcreate>
<quickcreatesequence>0</quickcreatesequence>
<displaytype>1</displaytype>
<info_type>BAS</info_type>
<fieldparams></fieldparams>
<helpinfo></helpinfo>
<masseditable>1</masseditable>
<summaryfield>0</summaryfield>
<entityidentifier>
<entityidfield>emailtemplatesid</entityidfield>
<entityidcolumn>emailtemplatesid</entityidcolumn>
</entityidentifier>
</field>
<field>
<fieldname>email_template_type</fieldname>
<uitype>16</uitype>
<columnname>email_template_type</columnname>
<columntype>varchar(50)</columntype>
<tablename>u_yf_emailtemplates</tablename>
<generatedtype>1</generatedtype>
<fieldlabel>FL_TYPE</fieldlabel>
<readonly>1</readonly>
<presence>2</presence>
<defaultvalue></defaultvalue>
<sequence>0</sequence>
<maximumlength>100</maximumlength>
<typeofdata>V~O</typeofdata>
<quickcreate>1</quickcreate>
<quickcreatesequence>0</quickcreatesequence>
<displaytype>1</displaytype>
<info_type>BAS</info_type>
<fieldparams></fieldparams>
<helpinfo></helpinfo>
<masseditable>1</masseditable>
<summaryfield>0</summaryfield>
<picklistvalues>
<picklistvalue>PLL_MAIL</picklistvalue>
<picklistvalue>PLL_RECORD</picklistvalue>
</picklistvalues>
</field>
<field>
<fieldname>module_name</fieldname>
<uitype>301</uitype>
<columnname>module</columnname>
<columntype>varchar(50)</columntype>
<tablename>u_yf_emailtemplates</tablename>
<generatedtype>1</generatedtype>
<fieldlabel>FL_MODULE</fieldlabel>
<readonly>1</readonly>
<presence>2</presence>
<defaultvalue></defaultvalue>
<sequence>0</sequence>
<maximumlength>100</maximumlength>
<typeofdata>V~M</typeofdata>
<quickcreate>1</quickcreate>
<quickcreatesequence>0</quickcreatesequence>
<displaytype>1</displaytype>
<info_type>BAS</info_type>
<fieldparams></fieldparams>
<helpinfo></helpinfo>
<masseditable>1</masseditable>
<summaryfield>0</summaryfield>
</field>
<field>
<fieldname>email_template_priority</fieldname>
<uitype>16</uitype>
<columnname>email_template_priority</columnname>
<columntype>tinyint(1)</columntype>
<tablename>u_yf_emailtemplates</tablename>
<generatedtype>1</generatedtype>
<fieldlabel>FL_SMTP_PRIORITY</fieldlabel>
<readonly>1</readonly>
<presence>2</presence>
<defaultvalue></defaultvalue>
<sequence>0</sequence>
<maximumlength>100</maximumlength>
<typeofdata>V~O</typeofdata>
<quickcreate>1</quickcreate>
<quickcreatesequence>0</quickcreatesequence>
<displaytype>1</displaytype>
<info_type>BAS</info_type>
<fieldparams></fieldparams>
<helpinfo></helpinfo>
<masseditable>1</masseditable>
<summaryfield>0</summaryfield>
<picklistvalues>
<picklistvalue>1</picklistvalue>
<picklistvalue>2</picklistvalue>
<picklistvalue>3</picklistvalue>
<picklistvalue>4</picklistvalue>
<picklistvalue>5</picklistvalue>
<picklistvalue>6</picklistvalue>
<picklistvalue>7</picklistvalue>
<picklistvalue>8</picklistvalue>
<picklistvalue>9</picklistvalue>
</picklistvalues>
</field>
</fields>
</block>
<block>
<label>LBL_CONTENT_MAIL</label>
<sequence>2</sequence>
<show_title>0</show_title>
<visible>0</visible>
<create_view>0</create_view>
<edit_view>0</edit_view>
<detail_view>0</detail_view>
<display_status>1</display_status>
<iscustom>0</iscustom>
<islist></islist>
<fields>
<field>
<fieldname>subject</fieldname>
<uitype>1</uitype>
<columnname>subject</columnname>
<columntype>varchar(255)</columntype>
<tablename>u_yf_emailtemplates</tablename>
<generatedtype>1</generatedtype>
<fieldlabel>FL_SUBJECT</fieldlabel>
<readonly>1</readonly>
<presence>2</presence>
<defaultvalue></defaultvalue>
<sequence>0</sequence>
<maximumlength>100</maximumlength>
<typeofdata>V~O</typeofdata>
<quickcreate>1</quickcreate>
<quickcreatesequence>0</quickcreatesequence>
<displaytype>1</displaytype>
<info_type>BAS</info_type>
<fieldparams></fieldparams>
<helpinfo></helpinfo>
<masseditable>1</masseditable>
<summaryfield>0</summaryfield>
</field>
<field>
<fieldname>content</fieldname>
<uitype>300</uitype>
<columnname>content</columnname>
<columntype>text</columntype>
<tablename>u_yf_emailtemplates</tablename>
<generatedtype>1</generatedtype>
<fieldlabel>FL_CONTENT</fieldlabel>
<readonly>1</readonly>
<presence>2</presence>
<defaultvalue></defaultvalue>
<sequence>0</sequence>
<maximumlength>100</maximumlength>
<typeofdata>V~O</typeofdata>
<quickcreate>1</quickcreate>
<quickcreatesequence>0</quickcreatesequence>
<displaytype>1</displaytype>
<info_type>BAS</info_type>
<fieldparams></fieldparams>
<helpinfo></helpinfo>
<masseditable>1</masseditable>
<summaryfield>0</summaryfield>
</field>
</fields>
</block>
<block>
<label>LBL_CUSTOM_INFORMATION</label>
<sequence>3</sequence>
<show_title>0</show_title>
<visible>0</visible>
<create_view>0</create_view>
<edit_view>0</edit_view>
<detail_view>0</detail_view>
<display_status>0</display_status>
<iscustom>1</iscustom>
<islist></islist>
<fields>
<field>
<fieldname>number</fieldname>
<uitype>4</uitype>
<columnname>number</columnname>
<columntype>varchar(32)</columntype>
<tablename>u_yf_emailtemplates</tablename>
<generatedtype>1</generatedtype>
<fieldlabel>FL_NUMBER</fieldlabel>
<readonly>1</readonly>
<presence>2</presence>
<defaultvalue></defaultvalue>
<sequence>3</sequence>
<maximumlength>100</maximumlength>
<typeofdata>V~O</typeofdata>
<quickcreate>1</quickcreate>
<quickcreatesequence>0</quickcreatesequence>
<displaytype>1</displaytype>
<info_type>BAS</info_type>
<fieldparams></fieldparams>
<helpinfo></helpinfo>
<masseditable>1</masseditable>
<summaryfield>0</summaryfield>
</field>
<field>
<fieldname>assigned_user_id</fieldname>
<uitype>53</uitype>
<columnname>smownerid</columnname>
<columntype>smallint(5) unsigned</columntype>
<tablename>vtiger_crmentity</tablename>
<generatedtype>1</generatedtype>
<fieldlabel>Assigned To</fieldlabel>
<readonly>1</readonly>
<presence>2</presence>
<defaultvalue></defaultvalue>
<sequence>1</sequence>
<maximumlength>100</maximumlength>
<typeofdata>V~M</typeofdata>
<quickcreate>1</quickcreate>
<quickcreatesequence>0</quickcreatesequence>
<displaytype>1</displaytype>
<info_type>BAS</info_type>
<fieldparams></fieldparams>
<helpinfo></helpinfo>
<masseditable>1</masseditable>
<summaryfield>0</summaryfield>
</field>
<field>
<fieldname>createdtime</fieldname>
<uitype>70</uitype>
<columnname>createdtime</columnname>
<columntype>datetime</columntype>
<tablename>vtiger_crmentity</tablename>
<generatedtype>1</generatedtype>
<fieldlabel>Created Time</fieldlabel>
<readonly>1</readonly>
<presence>2</presence>
<defaultvalue></defaultvalue>
<sequence>5</sequence>
<maximumlength>100</maximumlength>
<typeofdata>DT~O</typeofdata>
<quickcreate>1</quickcreate>
<quickcreatesequence>0</quickcreatesequence>
<displaytype>2</displaytype>
<info_type>BAS</info_type>
<fieldparams></fieldparams>
<helpinfo></helpinfo>
<masseditable>1</masseditable>
<summaryfield>0</summaryfield>
</field>
<field>
<fieldname>modifiedtime</fieldname>
<uitype>70</uitype>
<columnname>modifiedtime</columnname>
<columntype>datetime</columntype>
<tablename>vtiger_crmentity</tablename>
<generatedtype>1</generatedtype>
<fieldlabel>Modified Time</fieldlabel>
<readonly>1</readonly>
<presence>2</presence>
<defaultvalue></defaultvalue>
<sequence>6</sequence>
<maximumlength>100</maximumlength>
<typeofdata>DT~O</typeofdata>
<quickcreate>1</quickcreate>
<quickcreatesequence>0</quickcreatesequence>
<displaytype>2</displaytype>
<info_type>BAS</info_type>
<fieldparams></fieldparams>
<helpinfo></helpinfo>
<masseditable>1</masseditable>
<summaryfield>0</summaryfield>
</field>
<field>
<fieldname>created_user_id</fieldname>
<uitype>53</uitype>
<columnname>smcreatorid</columnname>
<columntype>smallint(5) unsigned</columntype>
<tablename>vtiger_crmentity</tablename>
<generatedtype>1</generatedtype>
<fieldlabel>Created By</fieldlabel>
<readonly>1</readonly>
<presence>2</presence>
<defaultvalue></defaultvalue>
<sequence>4</sequence>
<maximumlength>100</maximumlength>
<typeofdata>V~O</typeofdata>
<quickcreate>3</quickcreate>
<quickcreatesequence>0</quickcreatesequence>
<displaytype>2</displaytype>
<info_type>BAS</info_type>
<fieldparams></fieldparams>
<helpinfo></helpinfo>
<masseditable>0</masseditable>
<summaryfield>0</summaryfield>
</field>
<field>
<fieldname>shownerid</fieldname>
<uitype>120</uitype>
<columnname>shownerid</columnname>
<columntype>tinyint(1)</columntype>
<tablename>vtiger_crmentity</tablename>
<generatedtype>1</generatedtype>
<fieldlabel>Share with users</fieldlabel>
<readonly>1</readonly>
<presence>2</presence>
<defaultvalue></defaultvalue>
<sequence>2</sequence>
<maximumlength>100</maximumlength>
<typeofdata>V~O</typeofdata>
<quickcreate>1</quickcreate>
<quickcreatesequence>0</quickcreatesequence>
<displaytype>1</displaytype>
<info_type>BAS</info_type>
<fieldparams></fieldparams>
<helpinfo></helpinfo>
<masseditable>1</masseditable>
<summaryfield>0</summaryfield>
</field>
<field>
<fieldname>private</fieldname>
<uitype>56</uitype>
<columnname>private</columnname>
<columntype>tinyint(1)</columntype>
<tablename>vtiger_crmentity</tablename>
<generatedtype>1</generatedtype>
<fieldlabel>FL_IS_PRIVATE</fieldlabel>
<readonly>1</readonly>
<presence>2</presence>
<defaultvalue></defaultvalue>
<sequence>7</sequence>
<maximumlength>100</maximumlength>
<typeofdata>C~O</typeofdata>
<quickcreate>1</quickcreate>
<quickcreatesequence>0</quickcreatesequence>
<displaytype>1</displaytype>
<info_type>BAS</info_type>
<fieldparams></fieldparams>
<helpinfo></helpinfo>
<masseditable>1</masseditable>
<summaryfield>0</summaryfield>
</field>
</fields>
</block>
</blocks>
<customviews>
<customview>
<viewname>All</viewname>
<setdefault>true</setdefault>
<setmetrics>false</setmetrics>
<featured>0</featured>
<privileges>1</privileges>
<presence>0</presence>
<sequence>0</sequence>
<description><![CDATA[]]></description>
<sort></sort>
<fields>
<field>
<fieldname>name</fieldname>
<columnindex>0</columnindex>
</field>
<field>
<fieldname>number</fieldname>
<columnindex>1</columnindex>
</field>
<field>
<fieldname>createdtime</fieldname>
<columnindex>2</columnindex>
</field>
<field>
<fieldname>assigned_user_id</fieldname>
<columnindex>3</columnindex>
</field>
</fields>
</customview>
</customviews>
<sharingaccess>
<default>public_readwritedelete</default>
</sharingaccess>
<relatedlists>
<relatedlist>
<relatedmodule>Documents</relatedmodule>
<function>getManyToMany</function>
<label>Documents</label>
<sequence>1</sequence>
<presence>0</presence>
<actions>
<action>SELECT</action>
</actions>
</relatedlist>
</relatedlists>
<crons>
</crons>
</module>
