<?xml version="1.0" encoding="UTF-8"?>
<MODULE_FIELDS>
 <name label="Name">Send notifications</name>
 <email_template_type label="Type">PLL_RECORD</email_template_type>
 <module_name label="Module"></module_name>
 <email_template_priority label="SMTP priority">1</email_template_priority>
 <sys_name label="asdasd">SendNotificationsViaMail</sys_name>
 <subject label="Subject">Notifications $(general : CurrentDate)$</subject>
 <content label="Content"><![CDATA[<table border="0" style="width:100%;font-family:Arial, 'Sans-serif';border:1px solid #ccc;border-width:1px 2px 2px 1px;background-color:#fff;"><tr><td style="background-color:#f6f6f6;color:#888;border-bottom:1px solid #ccc;font-family:Arial, 'Sans-serif';font-size:11px;">
			<h3 style="padding:0 0 6px 0;margin:0;font-family:Arial, 'Sans-serif';font-size:16px;font-weight:bold;color:#222;"><span>$(translate : HelpDesk|LBL_NOTICE_WELCOME)$ YetiForce Sp. z o.o. </span></h3>
			</td>
		</tr><tr><td>
			<div style="padding:2px;">
			<table border="0"><tr><td style="padding-bottom:10px;font-family:Arial, 'Sans-serif';font-size:13px;color:#222;">$(custom : Notifications|Notification)$</td>
					</tr></table></div>
			</td>
		</tr><tr><td style="background-color:#f6f6f6;color:#888;border-top:1px solid #ccc;font-family:Arial, 'Sans-serif';font-size:11px;">
			<div style="float:right;">$(organization : mailLogo)$</div>
			 

			<p><span style="font-size:12px;">$(translate : LBL_EMAIL_TEMPLATE_FOOTER)$</span></p>
			</td>
		</tr></table>]]></content>
 <assigned_user_id label="Assigned To"></assigned_user_id>
 <shownerid label="Share with users:"></shownerid>
 <number label="Record number">N22</number>
 <created_user_id label="Created by"></created_user_id>
 <createdtime label="Created time">2016-05-24 12:40:24</createdtime>
 <modifiedtime label="Modified time">2017-01-11 13:35:37</modifiedtime>
 <private label="Private">0</private>
</MODULE_FIELDS>
