<?xml version="1.0" encoding="UTF-8"?>
<MODULE_FIELDS>
 <name label="Name">Notify Contact On Ticket Closed</name>
 <email_template_type label="Type">PLL_RECORD</email_template_type>
 <module_name label="Module"></module_name>
 <email_template_priority label="SMTP priority">1</email_template_priority>
 <sys_name label="asdasd">NotifyContactOnTicketClosed</sys_name>
 <subject label="Subject">$(translate : HelpDesk|LBL_NOTICE_CLOSE)$ $(record : ticket_no)$:$(record : ticket_title)$</subject>
 <content label="Content"><![CDATA[<table border="0" style="width:100%;font-family:Arial, 'Sans-serif';border:1px solid #ccc;border-width:1px 2px 2px 1px;background-color:#fff;"><tr><td style="background-color:#f6f6f6;color:#888;border-bottom:1px solid #ccc;font-family:Arial, 'Sans-serif';font-size:11px;">
			<h3 style="padding:0 0 6px 0;margin:0;font-family:Arial, 'Sans-serif';font-size:16px;font-weight:bold;color:#222;"><span>$(translate : HelpDesk|LBL_NOTICE_WELCOME)$ YetiForce Sp. z o.o. </span></h3>
			</td>
		</tr><tr><td>
			<div style="padding:2px;">
			<table border="0"><tr><td style="padding:0 1em 10px 0;font-family:Arial, 'Sans-serif';font-size:13px;color:#888;white-space:nowrap;">
						<div><i>$(translate : HelpDesk|LBL_NOTICE_CLOSED)$ </i></div>
						</td>
						<td style="padding-bottom:10px;font-family:Arial, 'Sans-serif';font-size:13px;color:#222;">$(record : modifiedby)$ <a href="$(record%20%3A%20PortalDetailViewURL)$">$(record : ticket_no)$:$(record : ticket_title)$</a> . $(record : ChangesListChanges)$</td>
					</tr><tr><td style="padding:0 1em 10px 0;font-family:Arial, 'Sans-serif';font-size:13px;color:#888;white-space:nowrap;">
						<div><i>$(translate : HelpDesk|Status)$</i></div>
						</td>
						<td style="padding-bottom:10px;font-family:Arial, 'Sans-serif';font-size:13px;color:#222;">$(record : ticketstatus)$</td>
					</tr><tr><td style="padding:0 1em 10px 0;font-family:Arial, 'Sans-serif';font-size:13px;color:#888;white-space:nowrap;">
						<div><i>$(translate : HelpDesk|Priority)$</i></div>
						</td>
						<td style="padding-bottom:10px;font-family:Arial, 'Sans-serif';font-size:13px;color:#222;">$(record : ticketpriorities)$</td>
					</tr><tr><td style="padding:0 1em 10px 0;font-family:Arial, 'Sans-serif';font-size:13px;color:#888;white-space:nowrap;">
						<div><i>$(translate : HelpDesk|Assigned To)$</i></div>
						</td>
						<td style="padding-bottom:10px;font-family:Arial, 'Sans-serif';font-size:13px;color:#222;">$(record : assigned_user_id)$</td>
					</tr><tr><td style="padding:0 1em 10px 0;font-family:Arial, 'Sans-serif';font-size:13px;color:#888;white-space:nowrap;">
						<div><i>$(translate : HelpDesk|Related To)$</i></div>
						</td>
						<td style="padding-bottom:10px;font-family:Arial, 'Sans-serif';font-size:13px;color:#222;">$(record : parent_id)$</td>
					</tr><tr><td style="padding:0 1em 10px 0;font-family:Arial, 'Sans-serif';font-size:13px;color:#888;white-space:nowrap;">
						<div><i>$(translate : HelpDesk|Description)$</i></div>
						</td>
						<td style="padding-bottom:10px;font-family:Arial, 'Sans-serif';font-size:13px;color:#222;">$(record : description)$</td>
					</tr><tr><td style="padding:0 1em 10px 0;font-family:Arial, 'Sans-serif';font-size:13px;color:#888;white-space:nowrap;">
						<div><i>$(translate : HelpDesk|Solution)$</i></div>
						</td>
						<td style="padding-bottom:10px;font-family:Arial, 'Sans-serif';font-size:13px;color:#222;">$(record : solution)$</td>
					</tr></table></div>
			</td>
		</tr><tr><td style="background-color:#f6f6f6;color:#888;border-top:1px solid #ccc;font-family:Arial, 'Sans-serif';font-size:11px;">
			<div style="float:right;">$(organization : mailLogo)$</div>
			 

			<p><span style="font-size:12px;">$(translate : LBL_EMAIL_TEMPLATE_FOOTER)$</span></p>
			</td>
		</tr></table>]]></content>
 <assigned_user_id label="Assigned To"></assigned_user_id>
 <shownerid label="Share with users:"></shownerid>
 <number label="Record number">N3</number>
 <created_user_id label="Created by"></created_user_id>
 <createdtime label="Created time">2014-09-22 23:53:15</createdtime>
 <modifiedtime label="Modified time">2017-01-11 10:28:40</modifiedtime>
 <private label="Private">0</private>
</MODULE_FIELDS>
