<?xml version="1.0" encoding="UTF-8"?>
<MODULE_FIELDS>
 <name label="Name">Send invitations</name>
 <email_template_type label="Type">PLL_RECORD</email_template_type>
 <module_name label="Module"></module_name>
 <email_template_priority label="SMTP priority">1</email_template_priority>
 <sys_name label="asdasd"></sys_name>
 <subject label="Subject">$(record : activitytype)$ $(record : subject)$</subject>
 <content label="Content"><![CDATA[<table border="0" style="width:100%;font-family:Arial, 'Sans-serif';border:1px solid #ccc;border-width:1px 2px 2px 1px;background-color:#fff;"><tr><td style="background-color:#f6f6f6;color:#888;border-bottom:1px solid #ccc;font-family:Arial, 'Sans-serif';font-size:11px;">
			<h3 style="padding:0 0 6px 0;margin:0;font-family:Arial, 'Sans-serif';font-size:16px;font-weight:bold;color:#222;"><span>$(record : subject)$</span></h3>
			</td>
		</tr><tr><td>
			<div style="padding:2px;">
			<table border="0"><tr><td style="padding:0 1em 10px 0;font-family:Arial, 'Sans-serif';font-size:13px;color:#888;white-space:nowrap;">
						<div><i>$(translate : Events|</i>Start Date & Time<i>)$</i></div>
						</td>
						<td style="padding-bottom:10px;font-family:Arial, 'Sans-serif';font-size:13px;color:#222;">$(record : date_start)$ $(record : time_start)$</td>
					</tr><tr><td style="padding:0 1em 10px 0;font-family:Arial, 'Sans-serif';font-size:13px;color:#888;white-space:nowrap;">
						<div><i>$(translate : Calendar|End Time)$</i></div>
						</td>
						<td style="padding-bottom:10px;font-family:Arial, 'Sans-serif';font-size:13px;color:#222;">$(record : due_date)$ $(record : time_end)$</td>
					</tr><tr><td style="padding:0 1em 10px 0;font-family:Arial, 'Sans-serif';font-size:13px;color:#888;white-space:nowrap;">
						<div><i>$(translate : Calendar|FL_PROCESS)$</i></div>
						</td>
						<td style="padding-bottom:10px;font-family:Arial, 'Sans-serif';font-size:13px;color:#222;">$(record : process)$</td>
					</tr><tr><td style="padding:0 1em 10px 0;font-family:Arial, 'Sans-serif';font-size:13px;color:#888;white-space:nowrap;">
						<div><i>$(translate : Calendar|FL_RELATION)$</i></div>
						</td>
						<td style="padding-bottom:10px;font-family:Arial, 'Sans-serif';font-size:13px;color:#222;">$(record : link)$</td>
					</tr><tr><td style="padding:0 1em 10px 0;font-family:Arial, 'Sans-serif';font-size:13px;color:#888;white-space:nowrap;">
						<div><i>$(translate : Calendar|Activity Type)$</i></div>
						</td>
						<td style="padding-bottom:10px;font-family:Arial, 'Sans-serif';font-size:13px;color:#222;">$(record : activitytype)$</td>
					</tr><tr><td style="padding:0 1em 10px 0;font-family:Arial, 'Sans-serif';font-size:13px;color:#888;white-space:nowrap;">
						<div><i>$(translate : Calendar|Priority)$</i></div>
						</td>
						<td style="padding-bottom:10px;font-family:Arial, 'Sans-serif';font-size:13px;color:#222;">$(record : taskpriority)$</td>
					</tr><tr><td style="padding:0 1em 10px 0;font-family:Arial, 'Sans-serif';font-size:13px;color:#888;white-space:nowrap;">
						<div><i>$(translate : Calendar|Location)$</i></div>
						</td>
						<td style="padding-bottom:10px;font-family:Arial, 'Sans-serif';font-size:13px;color:#222;"><span><span>$(record : location)$</span><span> (<a href="https://maps.google.pl/maps?q=$(record%20:%20location)$">mapa</a>)</span></span></td>
					</tr><tr><td style="padding:0 1em 10px 0;font-family:Arial, 'Sans-serif';font-size:13px;color:#888;white-space:nowrap;">
						<div><i>$(translate : Calendar|Status)$</i></div>
						</td>
						<td style="padding-bottom:10px;font-family:Arial, 'Sans-serif';font-size:13px;color:#222;">$(record : activitystatus)$</td>
					</tr><tr><td style="padding:0 1em 10px 0;font-family:Arial, 'Sans-serif';font-size:13px;color:#888;white-space:nowrap;">
						<div><i>$(translate : Calendar|Description)$</i></div>
						</td>
						<td style="padding-bottom:10px;font-family:Arial, 'Sans-serif';font-size:13px;color:#222;">$(record : description)$</td>
					</tr><tr><td style="padding:0 1em 10px 0;font-family:Arial, 'Sans-serif';font-size:13px;color:#888;white-space:nowrap;">
						<div><i>$(translate : Calendar|Assigned To)$</i></div>
						</td>
						<td style="padding-bottom:10px;font-family:Arial, 'Sans-serif';font-size:13px;color:#222;">$(record : assigned_user_id)$</td>
					</tr></table></div>
			</td>
		</tr><tr><td style="background-color:#f6f6f6;color:#888;border-top:1px solid #ccc;font-family:Arial, 'Sans-serif';font-size:11px;">
			<div style="float:right;">$(organization : mailLogo)$</div>
			 

			<p><span style="font-size:12px;">$(translate : LBL_EMAIL_TEMPLATE_FOOTER)$</span></p>
			</td>
		</tr></table>]]></content>
 <assigned_user_id label="Assigned To"></assigned_user_id>
 <shownerid label="Share with users:"></shownerid>
 <number label="Record number">N11</number>
 <created_user_id label="Created by"></created_user_id>
 <createdtime label="Created time">2014-09-23 22:57:01</createdtime>
 <modifiedtime label="Modified time">2017-01-11 11:46:19</modifiedtime>
 <private label="Private">0</private>
</MODULE_FIELDS>
