<?xml version="1.0" encoding="UTF-8"?>
<MODULE_FIELDS>
 <name label="Name">Notify Owner On new comment added to ticket from portal</name>
 <email_template_type label="Type">PLL_RECORD</email_template_type>
 <module_name label="Module"></module_name>
 <email_template_priority label="SMTP priority">1</email_template_priority>
 <sys_name label="asdasd">NewCommentAddedToTicketOwner</sys_name>
 <subject label="Subject">$(translate : ModComments|LBL_ADDED_COMMENT_TO_TICKET)$</subject>
 <content label="Content"><![CDATA[<table border="0" style="width:100%;font-family:Arial, 'Sans-serif';border:1px solid #ccc;border-width:1px 2px 2px 1px;background-color:#fff;"><tr><td style="background-color:#f6f6f6;color:#888;border-bottom:1px solid #ccc;font-family:Arial, 'Sans-serif';font-size:11px;">
			<h3 style="padding:0 0 6px 0;margin:0;font-family:Arial, 'Sans-serif';font-size:16px;font-weight:bold;color:#222;"><span>$(translate : ModComments|LBL_NOTICE_WELCOME)$ YetiForce Sp. z o.o.</span></h3>
			</td>
		</tr><tr><td>
			<div style="padding:2px;">
			<table border="0"><tr><td style="padding:0 1em 10px 0;font-family:Arial, 'Sans-serif';font-size:13px;color:#888;white-space:nowrap;">
						<div><i>$(translate : ModComments|LBL_NEW_COMMENT_FOR_TICKET)$</i></div>
						</td>
						<td style="padding-bottom:10px;font-family:Arial, 'Sans-serif';font-size:13px;color:#222;">$(translate : ModComments|LBL_NOTICE_CREATED)$ $(record : customer)$</td>
					</tr><tr><td style="padding:0 1em 10px 0;font-family:Arial, 'Sans-serif';font-size:13px;color:#888;white-space:nowrap;">
						<div>$(translate : ModComments|Comment)$</div>
						</td>
						<td style="padding-bottom:10px;font-family:Arial, 'Sans-serif';font-size:13px;color:#222;">$(record : commentcontent)$</td>
					</tr></table></div>
			</td>
		</tr><tr><td style="background-color:#f6f6f6;color:#888;border-top:1px solid #ccc;font-family:Arial, 'Sans-serif';font-size:11px;">
			<div style="float:right;">$(organization : mailLogo)$</div>
			 

			<p><span style="font-size:12px;">$(translate : LBL_EMAIL_TEMPLATE_FOOTER)$</span></p>
			</td>
		</tr></table>]]></content>
 <assigned_user_id label="Assigned To"></assigned_user_id>
 <shownerid label="Share with users:"></shownerid>
 <number label="Record number">N18</number>
 <created_user_id label="Created by"></created_user_id>
 <createdtime label="Created time">2015-02-17 10:11:08</createdtime>
 <modifiedtime label="Modified time">2017-01-11 13:02:35</modifiedtime>
 <private label="Private">0</private>
</MODULE_FIELDS>
