<?xml version='1.0'?>
<schema>
	<tables>
		<table>
			<name>vtiger_paymentsout</name>
			<sql><![CDATA[CREATE TABLE `vtiger_paymentsout` (
  `paymentsoutid` int(11) NOT NULL DEFAULT '0',
    `paymentsvalue` DECIMAL(25,3) DEFAULT NULL,
    `paymentsno` VARCHAR(32) DEFAULT NULL,
    `paymentsname` VARCHAR(128) DEFAULT NULL,
    `paymentstitle` VARCHAR(128) DEFAULT NULL,
	`paymentscurrency` varchar(32) DEFAULT NULL,
    `bank_account` VARCHAR(128) DEFAULT NULL,
    `paymentsout_status` VARCHAR(128) DEFAULT NULL,
    `relatedid` INT(19) DEFAULT NULL,
    `salesid` INT(19) DEFAULT NULL,
	`parentid` INT(19) DEFAULT NULL,
    PRIMARY KEY (`paymentsoutid`),
	CONSTRAINT `fk_1_vtiger_paymentsout` FOREIGN KEY (`paymentsoutid`) REFERENCES `vtiger_crmentity` (`crmid`) ON DELETE CASCADE
) ENGINE=InnoDB DEFAULT CHARSET=utf8]]></sql>
		</table>
		<table>
			<name>vtiger_paymentsoutcf</name>
			<sql><![CDATA[CREATE TABLE `vtiger_paymentsoutcf` (
  `paymentsoutid` int(11) NOT NULL,
  PRIMARY KEY (`paymentsoutid`),
  CONSTRAINT `fk_1_vtiger_paymentsoutcf` FOREIGN KEY (`paymentsoutid`) REFERENCES `vtiger_paymentsout` (`paymentsoutid`) ON DELETE CASCADE
) ENGINE=InnoDB DEFAULT CHARSET=utf8]]></sql>
		</table>
	</tables>
</schema>
