<?xml version='1.0'?>
<schema>
	<tables>
		<table>
			<name>vtiger_lettersin</name>
			<sql><![CDATA[CREATE TABLE `vtiger_lettersin` (
  `lettersinid` int(19) NOT NULL DEFAULT '0',
  `number` varchar(255) DEFAULT NULL,
  `title` varchar(255) DEFAULT NULL,
  `contactid` int(19) DEFAULT NULL,
  `relatedid` int(19) DEFAULT NULL,
  `potentialid` int(19) DEFAULT NULL,
  `helpdeskid` int(19) DEFAULT NULL,
  `projectid` int(19) DEFAULT NULL,
  `campaignid` int(19) DEFAULT NULL,
  `person_receiving` int(19) DEFAULT NULL,
  `parentid` int(19) DEFAULT NULL,
  `date_adoption` date DEFAULT NULL,
  `lin_type_ship` varchar(255) DEFAULT '',
  `lin_type_doc` text,
  `lin_status` varchar(255) DEFAULT '',
  `deadline_reply` date DEFAULT NULL,
  `cocument_no` varchar(100) DEFAULT '',
  `no_internal` varchar(100) DEFAULT '',
  `lin_dimensions` varchar(255) DEFAULT '',
  PRIMARY KEY (`lettersinid`),
  CONSTRAINT `fk_1_vtiger_lettersin` FOREIGN KEY (`lettersinid`) REFERENCES `vtiger_crmentity` (`crmid`) ON DELETE CASCADE
) ENGINE=InnoDB DEFAULT CHARSET=utf8]]></sql>
		</table>
		<table>
			<name>vtiger_lettersincf</name>
			<sql><![CDATA[CREATE TABLE `vtiger_lettersincf` (
  `lettersinid` int(11) NOT NULL,
  PRIMARY KEY (`lettersinid`),
  CONSTRAINT `fk_1_vtiger_lettersincf` FOREIGN KEY (`lettersinid`) REFERENCES `vtiger_lettersin` (`lettersinid`) ON DELETE CASCADE
) ENGINE=InnoDB DEFAULT CHARSET=utf8]]></sql>
		</table>
	</tables>
</schema>
